Familia,Especie,Categoria,IN608
ACANTHACEAE,Aphelandra espirito-santensis,EN,não
ACANTHACEAE,Aphelandra margaritae,VU,não
ACANTHACEAE,Aphelandra maximiliana,EN,não
ACANTHACEAE,Dyschoriste lavandulacea,EN,não
ACANTHACEAE,Dyschoriste smithii,CR,não
ACANTHACEAE,Justicia clausseniana,EN,não
ACANTHACEAE,Justicia genuflexa,VU,não
ACANTHACEAE,Justicia paranaensis,EN,não
ACANTHACEAE,Justicia polita,EN,não
ACANTHACEAE,Justicia ramulosa,VU,não
ACANTHACEAE,Justicia tijucensis,VU,não
ACANTHACEAE,Odontonema dissitiflorum,EN,não
ACANTHACEAE,Staurogyne brachiata,EN,sim
ACANTHACEAE,Staurogyne carvalhoi,VU,não
ACANTHACEAE,Staurogyne elegans,VU,não
ACANTHACEAE,Staurogyne itatiaiae,EN,não
ACANTHACEAE,Staurogyne vauthieriana,EN,não
ACANTHACEAE,Staurogyne veronicifolia,EN,sim
ACANTHACEAE,Staurogyne warmingiana,EN,sim
ACANTHACEAE,Stenandrium hatschbachii,EN,não
ACANTHACEAE,Stenandrium stenophyllum,EN,sim
ACANTHACEAE,Streblacanthus dubiosus,EN,não
ALISMATACEAE,Sagittaria lancifolia,VU,não
ALSTROEMERIACEAE,Alstroemeria amabilis,EN,não
ALSTROEMERIACEAE,Alstroemeria brasiliensis,EN,não
ALSTROEMERIACEAE,Alstroemeria capixaba,CR,sim
ALSTROEMERIACEAE,Alstroemeria caryophyllaea,EN,não
ALSTROEMERIACEAE,Alstroemeria malmeana,CR,não
ALSTROEMERIACEAE,Alstroemeria orchidioides,EN,não
ALSTROEMERIACEAE,Alstroemeria penduliflora,EN,não
AMARANTHACEAE,Alternanthera decurrens,EN,não
AMARANTHACEAE,Alternanthera hirtula,VU,não
AMARANTHACEAE,Alternanthera januarensis,EN,não
AMARANTHACEAE,Amaranthus rosengurtii,EN,não
AMARANTHACEAE,Froelichiella grisea,EN,não
AMARANTHACEAE,Gomphrena centrota,EN,não
AMARANTHACEAE,Gomphrena hatschbachiana,EN,sim
AMARANTHACEAE,Gomphrena nigricans,CR,não
AMARANTHACEAE,Gomphrena paranensis,VU,não
AMARANTHACEAE,Gomphrena pulchella,EN,não
AMARANTHACEAE,Gomphrena regeliana,VU,não
AMARANTHACEAE,Pfaffia argyrea,EN,sim
AMARANTHACEAE,Pfaffia minarum,VU,sim
AMARANTHACEAE,Quaternella glabratoides,EN,não
AMARYLLIDACEAE,Eithea blumenavia,EN,não
AMARYLLIDACEAE,Griffinia aracensis,CR,não
AMARYLLIDACEAE,Griffinia colatinensis,CR,não
AMARYLLIDACEAE,Griffinia espiritensis,EN,não
AMARYLLIDACEAE,Griffinia gardneriana,EN,não
AMARYLLIDACEAE,Griffinia hyacinthina,EN,não
AMARYLLIDACEAE,Griffinia liboniana,EN,sim
AMARYLLIDACEAE,Griffinia nocturna,CR,não
AMARYLLIDACEAE,Griffinia parviflora,CR,não
AMARYLLIDACEAE,Griffinia paubrasilica,CR,não
AMARYLLIDACEAE,Habranthus coeruleus,VU,não
AMARYLLIDACEAE,Habranthus irwinianus,VU,não
AMARYLLIDACEAE,Hippeastrum angustifolium,VU,não
AMARYLLIDACEAE,Hippeastrum brasilianum,EN,sim
AMARYLLIDACEAE,Hippeastrum breviflorum,EN,não
AMARYLLIDACEAE,Hippeastrum goianum,EN,não
AMARYLLIDACEAE,Hippeastrum leucobasis,CR,não
AMARYLLIDACEAE,Hippeastrum morelianum,VU,não
AMARYLLIDACEAE,Hippeastrum papilio,CR,não
AMARYLLIDACEAE,Hippeastrum psittacinum,EN,não
AMARYLLIDACEAE,Hippeastrum reginae,EN,não
AMARYLLIDACEAE,Hippeastrum santacatarina,EN,não
AMARYLLIDACEAE,Hippeastrum striatum,EN,não
AMARYLLIDACEAE,Hippeastrum vittatum,EN,não
AMARYLLIDACEAE,Worsleya procera,EN,sim
AMARYLLIDACEAE,Zephyranthes brasiliensis,VU,não
AMARYLLIDACEAE,Zephyranthes candida,EN,não
AMARYLLIDACEAE,Zephyranthes capivarina,VU,não
AMARYLLIDACEAE,Zephyranthes paranaensis,EN,não
ANACARDIACEAE,Myracrodruon balansae,EN,não
ANACARDIACEAE,Schinopsis balansae,EN,não
ANEMIACEAE,Anemia blechnoides,VU,não
ANEMIACEAE,Anemia dentata,VU,não
ANEMIACEAE,Anemia gardneri,VU,não
ANEMIACEAE,Anemia trichorhiza,VU,não
ANNONACEAE,Annona maritima,VU,não
ANNONACEAE,Annona parviflora,EN,não
ANNONACEAE,Annona pickelii,VU,não
ANNONACEAE,Annona ubatubensis,EN,não
ANNONACEAE,Duguetia magnolioidea,EN,não
ANNONACEAE,Duguetia restingae,CR,não
ANNONACEAE,Duguetia reticulata,EN,não
ANNONACEAE,Duguetia scottmorii,CR,não
ANNONACEAE,Duguetia sooretamae,EN,não
ANNONACEAE,Hornschuchia alba,CR,não
ANNONACEAE,Hornschuchia cauliflora,EN,não
ANNONACEAE,Hornschuchia obliqua,EN,não
ANNONACEAE,Trigynaea axilliflora,CR,não
ANNONACEAE,Trigynaea oblongifolia,EN,não
ANNONACEAE,Unonopsis riedeliana,EN,não
APIACEAE,Eryngium corallinum,CR,não
APIACEAE,Eryngium divaricatum,EN,não
APIACEAE,Eryngium dorae,CR,não
APIACEAE,Eryngium falcifolium,EN,não
APIACEAE,Eryngium koehneanum,VU,não
APIACEAE,Eryngium ombrophilum,EN,não
APIACEAE,Eryngium ramboanum,CR,não
APIACEAE,Eryngium scirpinum,EN,não
APIACEAE,Eryngium smithii,EN,não
APIACEAE,Eryngium urbanianum,EN,não
APIACEAE,Eryngium zosterifolium,VU,não
APIACEAE,Klotzschia rhizophylla,EN,não
APIACEAE,Lilaeopsis brasiliensis,VU,não
APOCYNACEAE,Ditassa arianeae,EN,sim
APOCYNACEAE,Ditassa auriflora,CR,não
APOCYNACEAE,Ditassa cipoensis,EN,não
APOCYNACEAE,Ditassa cordeiroana,EN,não
APOCYNACEAE,Ditassa itambensis,EN,não
APOCYNACEAE,Ditassa laevis,EN,não
APOCYNACEAE,Ditassa leonii,VU,não
APOCYNACEAE,Ditassa longisepala,EN,não
APOCYNACEAE,Ditassa maricaensis,EN,sim
APOCYNACEAE,Ditassa oberdanii,EN,não
APOCYNACEAE,Gonolobus dorothyanus,CR,sim
APOCYNACEAE,Gyrostelma bornmuelleri,EN,não
APOCYNACEAE,Gyrostelma oxypetaloides,EN,não
APOCYNACEAE,Hemipogon abietoides,CR,não
APOCYNACEAE,Hemipogon furlanii,EN,não
APOCYNACEAE,Hemipogon hatschbachii,CR,não
APOCYNACEAE,Hemipogon piranii,CR,não
APOCYNACEAE,Jobinia hatschbachii,EN,não
APOCYNACEAE,Macroditassa marianae,CR,não
APOCYNACEAE,Marsdenia otoniensis,CR,não
APOCYNACEAE,Marsdenia queirozii,EN,não
APOCYNACEAE,Matelea bahiensis,EN,não
APOCYNACEAE,Matelea glaziovii,VU,não
APOCYNACEAE,Matelea hatschbachii,EN,não
APOCYNACEAE,Matelea marcoassisii,VU,sim
APOCYNACEAE,Matelea santosii,EN,não
APOCYNACEAE,Metastelma giuliettianum,EN,não
APOCYNACEAE,Metastelma harleyi,EN,sim
APOCYNACEAE,Minaria bifurcata,CR,não
APOCYNACEAE,Minaria diamantinensis,CR,não
APOCYNACEAE,Minaria grazielae,EN,não
APOCYNACEAE,Minaria harleyi,EN,não
APOCYNACEAE,Minaria hemipogonoides,CR,não
APOCYNACEAE,Minaria inconspicua,EN,não
APOCYNACEAE,Minaria magisteriana,EN,não
APOCYNACEAE,Minaria monocoronata,CR,não
APOCYNACEAE,Minaria polygaloides,EN,não
APOCYNACEAE,Minaria refractifolia,VU,não
APOCYNACEAE,Minaria semirii,EN,não
APOCYNACEAE,Minaria volubilis,EN,não
APOCYNACEAE,Monsanima morrenioides,CR,sim
APOCYNACEAE,Oxypetalum dusenii,EN,não
APOCYNACEAE,Oxypetalum ekblomii,EN,não
APOCYNACEAE,Oxypetalum glaziovii,EN,não
APOCYNACEAE,Oxypetalum leonii,EN,não
APOCYNACEAE,Oxypetalum mexiae,CR,não
APOCYNACEAE,Prestonia solanifolia,EN,não
APOCYNACEAE,Tabernaemontana cumata,EN,não
AQUIFOLIACEAE,Ilex auricula,CR,não
AQUIFOLIACEAE,Ilex loranthoides,VU,não
AQUIFOLIACEAE,Ilex prostrata,CR,não
ARACEAE,Anthurium jureianum,VU,não
ARACEAE,Anthurium langsdorffii,EN,sim
ARACEAE,Anthurium lucidum,EN,não
ARACEAE,Anthurium luschnathianum,EN,sim
ARACEAE,Anthurium radicans,VU,não
ARACEAE,Anthurium xanthophylloides,VU,não
ARACEAE,Heteropsis flexuosa,VU,não
ARACEAE,Philodendron fragile,EN,sim
ARACEAE,Philodendron spiritus-sancti,EN,sim
ARALIACEAE,Hydrocotyle langsdorffii,EN,não
ARALIACEAE,Schefflera aurata,CR,não
ARALIACEAE,Schefflera gardneri,EN,não
ARALIACEAE,Schefflera glaziovii,EN,não
ARALIACEAE,Schefflera sprucei,VU,não
ARALIACEAE,Schefflera succinea,EN,não
ARAUCARIACEAE,Araucaria angustifolia,EN,sim
ARECACEAE,Acrocomia emensis,VU,sim
ARECACEAE,Allagoptera brevicalyx,VU,não
ARECACEAE,Attalea barreirensis,VU,sim
ARECACEAE,Attalea brasiliensis,EN,sim
ARECACEAE,Bactris timbuiensis,EN,não
ARECACEAE,Butia capitata,VU,não
ARECACEAE,Butia eriospatha,VU,sim
ARECACEAE,Butia leptospatha,CR,não
ARECACEAE,Butia microspadix,VU,não
ARECACEAE,Butia purpurascens,EN,não
ARECACEAE,Butia yatay,VU,não
ARECACEAE,Euterpe edulis,VU,sim
ARECACEAE,Lytocaryum insigne,VU,não
ARECACEAE,Syagrus glaucescens,VU,não
ARECACEAE,Syagrus macrocarpa,EN,não
ARECACEAE,Syagrus mendanhensis,CR,não
ARECACEAE,Syagrus picrophylla,VU,não
ARECACEAE,Syagrus ruschiana,VU,não
ARISTOLOCHIACEAE,Aristolochia hypoglauca,EN,não
ARISTOLOCHIACEAE,Aristolochia odora,VU,não
ARNELLIACEAE,Gongylanthus liebmannianus,EN,não
ARNELLIACEAE,Southbya organensis,CR,sim
ASPLENIACEAE,Asplenium beckeri,CR,sim
ASPLENIACEAE,Asplenium bradeanum,EN,sim
ASPLENIACEAE,Asplenium castaneum,EN,sim
ASPLENIACEAE,Asplenium schwackei,CR,sim
ASPLENIACEAE,Asplenium trindadense,CR,não
ASTERACEAE,Acmella pusilla,EN,não
ASTERACEAE,Acritopappus catolesensis,VU,não
ASTERACEAE,Acritopappus connatifolius,EN,não
ASTERACEAE,Acritopappus irwinii,VU,não
ASTERACEAE,Acritopappus pintoi,CR,não
ASTERACEAE,Agrianthus almasensis,EN,não
ASTERACEAE,Agrianthus giuliettiae,EN,não
ASTERACEAE,Aldama corumbensis,EN,sim
ASTERACEAE,Aldama filifolia,EN,não
ASTERACEAE,Aldama goyazii,VU,não
ASTERACEAE,Aldama linearifolia,CR,não
ASTERACEAE,Aldama paranensis,CR,sim
ASTERACEAE,Aldama vernonioides,EN,não
ASTERACEAE,Anteremanthus hatschbachii,EN,sim
ASTERACEAE,Aspilia almasensis,VU,não
ASTERACEAE,Aspilia belo-horizontinae,CR,não
ASTERACEAE,Aspilia caudata,EN,não
ASTERACEAE,Aspilia cordifolia,EN,não
ASTERACEAE,Aspilia cylindrocephala,VU,não
ASTERACEAE,Aspilia diamantinae,EN,não
ASTERACEAE,Aspilia diffusiflora,VU,não
ASTERACEAE,Aspilia diniz-cruzeanae,CR,não
ASTERACEAE,Aspilia eglerii,CR,não
ASTERACEAE,Aspilia espinhacensis,EN,não
ASTERACEAE,Aspilia grazielae,EN,sim
ASTERACEAE,Aspilia jugata,CR,não
ASTERACEAE,Aspilia ovalifolia,CR,não
ASTERACEAE,Aspilia pereirae,EN,não
ASTERACEAE,Aspilia prostrata,EN,não
ASTERACEAE,Aspilia reticulata,VU,não
ASTERACEAE,Aspilia silphioides,EN,não
ASTERACEAE,Austroeupatorium rosmarinaceum,VU,não
ASTERACEAE,Baccharis aracatubensis,EN,não
ASTERACEAE,Baccharis concinna,VU,não
ASTERACEAE,Baccharis elliptica,EN,não
ASTERACEAE,Baccharis hypericifolia,EN,não
ASTERACEAE,Baccharis lychnophora,VU,não
ASTERACEAE,Baccharis penningtonii,VU,não
ASTERACEAE,Baccharis polyphylla,VU,não
ASTERACEAE,Baccharis pseudoalpestris,VU,não
ASTERACEAE,Caatinganthus rubropappus,EN,não
ASTERACEAE,Calea abbreviata,CR,não
ASTERACEAE,Calea acaulis,VU,não
ASTERACEAE,Calea brittoniana,CR,não
ASTERACEAE,Calea gentianoides,VU,não
ASTERACEAE,Calea heteropappa,EN,não
ASTERACEAE,Calea kristiniae,EN,não
ASTERACEAE,Campuloclinium parvulum,VU,não
ASTERACEAE,Catolesia mentiens,CR,não
ASTERACEAE,Chaptalia chapadensis,CR,não
ASTERACEAE,Chaptalia cordifolia,VU,não
ASTERACEAE,Chaptalia hermogenis,CR,não
ASTERACEAE,Chionolaena lychnophorioides,VU,não
ASTERACEAE,Chresta souzae,EN,não
ASTERACEAE,Chromolaena angusticeps,EN,não
ASTERACEAE,Chromolaena arrayana,EN,não
ASTERACEAE,Chromolaena costatipes,EN,não
ASTERACEAE,Chromolaena rhinanthacea,EN,não
ASTERACEAE,Chronopappus bifrons,VU,não
ASTERACEAE,Chrysolaena nicolackii,VU,não
ASTERACEAE,Cololobus longiangustatus,EN,não
ASTERACEAE,Cololobus rupestris,EN,não
ASTERACEAE,Dendrophorbium catharinense,VU,não
ASTERACEAE,Dendrophorbium paranense,EN,não
ASTERACEAE,Dimerostemma annuum,EN,não
ASTERACEAE,Dimerostemma episcopale,EN,não
ASTERACEAE,Dimerostemma grazielae,VU,não
ASTERACEAE,Dimerostemma myrtifolium,EN,não
ASTERACEAE,Disynaphia ericoides,EN,não
ASTERACEAE,Disynaphia praeficta,EN,não
ASTERACEAE,Disynaphia variolata,EN,não
ASTERACEAE,Echinocoryne echinocephala,EN,não
ASTERACEAE,Eremanthus argenteus,EN,não
ASTERACEAE,Eremanthus leucodendron,EN,não
ASTERACEAE,Eremanthus polycephalus,VU,não
ASTERACEAE,Gochnatia rotundifolia,VU,não
ASTERACEAE,Gyptis vernoniopsis,EN,não
ASTERACEAE,Heterocoma albida,CR,não
ASTERACEAE,Heterocondylus lysimachioides,VU,não
ASTERACEAE,Hoehnephytum almasense,EN,não
ASTERACEAE,Holocheilus hieracioides,EN,não
ASTERACEAE,Holocheilus monocephalus,EN,não
ASTERACEAE,Hysterionica pinnatiloba,EN,não
ASTERACEAE,Hysterionica pinnatisecta,CR,sim
ASTERACEAE,Ianthopappus corymbosus,CR,não
ASTERACEAE,Ichthyothere elliptica,EN,não
ASTERACEAE,Lepidaploa almasensis,CR,não
ASTERACEAE,Lepidaploa gnaphalioides,EN,não
ASTERACEAE,Lepidaploa pseudaurea,EN,não
ASTERACEAE,Lepidaploa spixiana,EN,não
ASTERACEAE,Leptostelma catharinense,EN,não
ASTERACEAE,Lessingianthus adenophyllus,EN,não
ASTERACEAE,Lessingianthus asteriflorus,EN,não
ASTERACEAE,Lessingianthus constrictus,CR,não
ASTERACEAE,Lessingianthus eitenii,EN,não
ASTERACEAE,Lessingianthus exiguus,VU,não
ASTERACEAE,Lessingianthus irwinii,VU,não
ASTERACEAE,Lessingianthus pumillus,VU,não
ASTERACEAE,Lessingianthus reitzianus,VU,não
ASTERACEAE,Lessingianthus rosmarinifolius,EN,não
ASTERACEAE,Lessingianthus souzae,EN,não
ASTERACEAE,Lessingianthus stoechas,VU,não
ASTERACEAE,Lessingianthus subcarduoides,EN,não
ASTERACEAE,Lessingianthus venosissimus,EN,não
ASTERACEAE,Lessingianthus westermanii,EN,não
ASTERACEAE,Lessingianthus zuccarinianus,VU,não
ASTERACEAE,Lomatozona artemisiifolia,EN,não
ASTERACEAE,Lulia nervosa,EN,não
ASTERACEAE,Lychnophora albertinioides,CR,não
ASTERACEAE,Lychnophora brunioides,CR,não
ASTERACEAE,Lychnophora crispa,EN,não
ASTERACEAE,Lychnophora diamantinana,EN,não
ASTERACEAE,Lychnophora gardneri,EN,não
ASTERACEAE,Lychnophora granmogolensis,EN,não
ASTERACEAE,Lychnophora humillima,CR,não
ASTERACEAE,Lychnophora markgravii,EN,não
ASTERACEAE,Lychnophora martiana,EN,não
ASTERACEAE,Lychnophora mello-barretoi,EN,não
ASTERACEAE,Lychnophora pohlii,EN,não
ASTERACEAE,Lychnophora ramosissima,VU,não
ASTERACEAE,Lychnophora regis,EN,não
ASTERACEAE,Lychnophora reticulata,EN,não
ASTERACEAE,Lychnophora rosmarinifolia,EN,não
ASTERACEAE,Lychnophora santosii,EN,não
ASTERACEAE,Lychnophora sellowii,EN,não
ASTERACEAE,Lychnophora sericea,CR,não
ASTERACEAE,Lychnophora souzae,CR,não
ASTERACEAE,Lychnophora syncephala,EN,não
ASTERACEAE,Lychnophora tomentosa,VU,não
ASTERACEAE,Lychnophora villosissima,EN,não
ASTERACEAE,Lychnophoriopsis candelabrum,EN,não
ASTERACEAE,Lychnophoriopsis damazioi,EN,não
ASTERACEAE,Lychnophoriopsis hatschbachii,EN,não
ASTERACEAE,Mikania additicia,EN,não
ASTERACEAE,Mikania alvimii,EN,não
ASTERACEAE,Mikania anethifolia,EN,não
ASTERACEAE,Mikania argyreiae,VU,não
ASTERACEAE,Mikania cipoensis,EN,não
ASTERACEAE,Mikania clematidifolia,VU,não
ASTERACEAE,Mikania dusenii,CR,não
ASTERACEAE,Mikania firmula,VU,não
ASTERACEAE,Mikania glabra,EN,não
ASTERACEAE,Mikania glauca,EN,não
ASTERACEAE,Mikania hartbergii,EN,não
ASTERACEAE,Mikania hastato-cordata,VU,não
ASTERACEAE,Mikania itambana,EN,não
ASTERACEAE,Mikania neurocaula,EN,não
ASTERACEAE,Mikania oreophila,EN,não
ASTERACEAE,Mikania pinnatiloba,EN,não
ASTERACEAE,Mikania premnifolia,EN,não
ASTERACEAE,Mikania variifolia,EN,não
ASTERACEAE,Mikania viminea,EN,não
ASTERACEAE,Mikania warmingii,EN,não
ASTERACEAE,Minasia alpestris,EN,não
ASTERACEAE,Minasia pereirae,EN,não
ASTERACEAE,Minasia scapigera,EN,não
ASTERACEAE,Monogereion carajensis,CR,não
ASTERACEAE,Moquiniastrum argyreum,EN,não
ASTERACEAE,Moquiniastrum cordatum,EN,não
ASTERACEAE,Moquiniastrum hatschbachii,VU,não
ASTERACEAE,Moquiniastrum mollissimum,CR,não
ASTERACEAE,Moquiniastrum ramboi,VU,não
ASTERACEAE,Moquiniastrum sordidum,VU,não
ASTERACEAE,Neocabreria malachophylla,VU,não
ASTERACEAE,Noticastrum hatschbachii,EN,não
ASTERACEAE,Noticastrum malmei,EN,não
ASTERACEAE,Noticastrum psammophilum,EN,não
ASTERACEAE,Panphalea araucariophila,EN,não
ASTERACEAE,Panphalea cardaminifolia,EN,não
ASTERACEAE,Panphalea maxima,CR,não
ASTERACEAE,Panphalea ramboi,CR,não
ASTERACEAE,Panphalea smithii,EN,não
ASTERACEAE,Paralychnophora atkinsiae,EN,não
ASTERACEAE,Paralychnophora bicolor,EN,não
ASTERACEAE,Paralychnophora harleyi,VU,não
ASTERACEAE,Paralychnophora patriciana,EN,não
ASTERACEAE,Perezia eryngioides,EN,não
ASTERACEAE,Perezia multiflora,EN,não
ASTERACEAE,Picrosia cabreriana,CR,não
ASTERACEAE,Piptocarpha robusta,EN,não
ASTERACEAE,Piptolepis buxoides,EN,não
ASTERACEAE,Piptolepis imbricata,CR,não
ASTERACEAE,Piptolepis leptospermoides,CR,não
ASTERACEAE,Porophyllum bahiense,VU,não
ASTERACEAE,Proteopsis argentea,VU,não
ASTERACEAE,Richterago angustifolia,EN,não
ASTERACEAE,Richterago arenaria,VU,não
ASTERACEAE,Richterago campestris,EN,não
ASTERACEAE,Richterago caulescens,CR,não
ASTERACEAE,Richterago conduplicata,EN,não
ASTERACEAE,Richterago elegans,VU,não
ASTERACEAE,Richterago hatschbachii,EN,não
ASTERACEAE,Richterago lanata,EN,não
ASTERACEAE,Richterago petiolata,EN,não
ASTERACEAE,Richterago polyphylla,EN,não
ASTERACEAE,Richterago riparia,VU,não
ASTERACEAE,Richterago stenophylla,EN,não
ASTERACEAE,Richterago suffrutescens,CR,não
ASTERACEAE,Schlechtendalia luzulifolia,EN,não
ASTERACEAE,Senecio almasensis,CR,não
ASTERACEAE,Senecio caparaoensis,EN,sim
ASTERACEAE,Senecio gertii,EN,não
ASTERACEAE,Senecio graciellae,EN,não
ASTERACEAE,Senecio hatschbachii,EN,não
ASTERACEAE,Senecio heteroschizus,EN,não
ASTERACEAE,Senecio langei,VU,não
ASTERACEAE,Senecio promatensis,CR,sim
ASTERACEAE,Senecio ramboanus,EN,sim
ASTERACEAE,Senecio riograndensis,EN,não
ASTERACEAE,Smallanthus araucariophilus,CR,não
ASTERACEAE,Smallanthus riograndensis,EN,não
ASTERACEAE,Stenachaenium macrocephalum,CR,não
ASTERACEAE,Stenophalium eriodes,VU,não
ASTERACEAE,Stevia catharinensis,EN,não
ASTERACEAE,Stevia hilarii,CR,não
ASTERACEAE,Stevia leptophylla,EN,não
ASTERACEAE,Stevia riedelli,EN,não
ASTERACEAE,Stevia selloi,VU,não
ASTERACEAE,Steyermarkina dispalata,VU,não
ASTERACEAE,Stifftia fruticosa,VU,não
ASTERACEAE,Stilpnopappus semirianus,EN,não
ASTERACEAE,Stilpnopappus suffruticosus,CR,não
ASTERACEAE,Stomatanthes loefgrenii,CR,não
ASTERACEAE,Strophopappus bicolor,EN,não
ASTERACEAE,Strophopappus ferrugineus,EN,não
ASTERACEAE,Stylotrichium corymbosum,EN,não
ASTERACEAE,Stylotrichium edmundoi,EN,não
ASTERACEAE,Stylotrichium glomeratum,CR,não
ASTERACEAE,Stylotrichium sucrei,EN,não
ASTERACEAE,Symphyopappus uncinatus,EN,não
ASTERACEAE,Trichocline linearifolia,VU,não
ASTERACEAE,Trixis glaziovii,VU,não
ASTERACEAE,Trixis pallida,CR,não
ASTERACEAE,Verbesina pseudoclaussenii,CR,não
ASTERACEAE,Vernonanthura fagifolia,VU,não
ASTERACEAE,Wedelia macedoi,CR,não
ASTERACEAE,Wunderlichia azulensis,EN,não
ASTERACEAE,Wunderlichia cruelsiana,EN,não
ASTERACEAE,Wunderlichia senae,EN,não
BEGONIACEAE,Begonia albidula,EN,não
BEGONIACEAE,Begonia altamiroi,EN,não
BEGONIACEAE,Begonia apparicioi,EN,não
BEGONIACEAE,Begonia bahiensis,EN,não
BEGONIACEAE,Begonia besleriifolia,EN,não
BEGONIACEAE,Begonia coccinea,EN,não
BEGONIACEAE,Begonia crispula,CR,não
BEGONIACEAE,Begonia curtii,VU,não
BEGONIACEAE,Begonia dentatiloba,EN,não
BEGONIACEAE,Begonia espiritosantensis,EN,não
BEGONIACEAE,Begonia handroi,EN,não
BEGONIACEAE,Begonia ibitiocensis,EN,não
BEGONIACEAE,Begonia inconspicua,CR,não
BEGONIACEAE,Begonia itaguassuensis,EN,não
BEGONIACEAE,Begonia itatinensis,EN,não
BEGONIACEAE,Begonia jureiensis,CR,sim
BEGONIACEAE,Begonia kuhlmannii,EN,não
BEGONIACEAE,Begonia larorum,CR,não
BEGONIACEAE,Begonia organensis,EN,não
BEGONIACEAE,Begonia paranaensis,EN,não
BEGONIACEAE,Begonia paulensis,EN,não
BEGONIACEAE,Begonia perdusenii,EN,não
BEGONIACEAE,Begonia piresiana,CR,não
BEGONIACEAE,Begonia pluvialis,EN,não
BEGONIACEAE,Begonia polygonifolia,EN,não
BEGONIACEAE,Begonia ruschii,CR,não
BEGONIACEAE,Begonia salesopolensis,CR,não
BEGONIACEAE,Begonia santoslimae,EN,não
BEGONIACEAE,Begonia scharffii,CR,não
BEGONIACEAE,Begonia smilacina,EN,não
BEGONIACEAE,Begonia stenolepis,EN,não
BEGONIACEAE,Begonia sylvatica,EN,não
BEGONIACEAE,Begonia toledoana,EN,não
BEGONIACEAE,Begonia undulata,EN,não
BEGONIACEAE,Begonia venosa,CR,não
BEGONIACEAE,Begonia vicina,EN,não
BERBERIDACEAE,Berberis campos-portoi,CR,não
BERBERIDACEAE,Berberis kleinii,VU,não
BIGNONIACEAE,Adenocalymma dichilum,EN,não
BIGNONIACEAE,Adenocalymma fruticosum,EN,não
BIGNONIACEAE,Adenocalymma magnoalatum,EN,sim
BIGNONIACEAE,Adenocalymma ubatubense,CR,sim
BIGNONIACEAE,Anemopaegma arvense,EN,não
BIGNONIACEAE,Anemopaegma mirabile,CR,não
BIGNONIACEAE,Digomphia densicoma,VU,sim
BIGNONIACEAE,Fridericia crassa,VU,não
BIGNONIACEAE,Handroanthus arianeae,EN,não
BIGNONIACEAE,Handroanthus riodocensis,EN,não
BIGNONIACEAE,Handroanthus spongiosus,EN,não
BIGNONIACEAE,Jacaranda carajasensis,CR,sim
BIGNONIACEAE,Jacaranda crassifolia,EN,sim
BIGNONIACEAE,Jacaranda egleri,CR,não
BIGNONIACEAE,Jacaranda grandifoliolata,EN,não
BIGNONIACEAE,Jacaranda intricata,CR,sim
BIGNONIACEAE,Jacaranda microcalyx,EN,não
BIGNONIACEAE,Jacaranda rugosa,EN,sim
BIGNONIACEAE,Paratecoma peroba,EN,não
BIGNONIACEAE,Pleonotoma bracteata,VU,não
BIGNONIACEAE,Sparattosperma catingae,EN,não
BIGNONIACEAE,Tabebuia cassinoides,EN,não
BIGNONIACEAE,Zeyheria tuberculosa,VU,não
BLECHNACEAE,Blechnum andinum,CR,sim
BLECHNACEAE,Blechnum heringeri,VU,não
BLECHNACEAE,Blechnum sprucei,VU,sim
BLECHNACEAE,Blechnum squamipes,EN,sim
BROMELIACEAE,Aechmea alopecurus,EN,não
BROMELIACEAE,Aechmea amicorum,EN,não
BROMELIACEAE,Aechmea apocalyptica,VU,sim
BROMELIACEAE,Aechmea azurea,VU,não
BROMELIACEAE,Aechmea bambusoides,VU,não
BROMELIACEAE,Aechmea cariocae,EN,sim
BROMELIACEAE,Aechmea castanea,EN,não
BROMELIACEAE,Aechmea depressa,EN,não
BROMELIACEAE,Aechmea echinata,EN,não
BROMELIACEAE,Aechmea fosteriana,EN,não
BROMELIACEAE,Aechmea gustavoi,CR,não
BROMELIACEAE,Aechmea kertesziae,EN,não
BROMELIACEAE,Aechmea kleinii,EN,sim
BROMELIACEAE,Aechmea macrochlamys,EN,não
BROMELIACEAE,Aechmea marginalis,CR,não
BROMELIACEAE,Aechmea muricata,EN,sim
BROMELIACEAE,Aechmea mutica,EN,não
BROMELIACEAE,Aechmea orlandiana,CR,não
BROMELIACEAE,Aechmea sphaerocephala,EN,não
BROMELIACEAE,Aechmea triangularis,EN,não
BROMELIACEAE,Aechmea vanhoutteana,VU,não
BROMELIACEAE,Aechmea werdermannii,EN,sim
BROMELIACEAE,Aechmea winkleri,CR,sim
BROMELIACEAE,Alcantarea benzingii,CR,não
BROMELIACEAE,Alcantarea duarteana,EN,não
BROMELIACEAE,Alcantarea farneyi,CR,não
BROMELIACEAE,Alcantarea geniculata,EN,não
BROMELIACEAE,Alcantarea glaziouana,EN,não
BROMELIACEAE,Alcantarea imperialis,VU,não
BROMELIACEAE,Alcantarea nahoumii,VU,não
BROMELIACEAE,Alcantarea nevaresii,EN,não
BROMELIACEAE,Alcantarea vinicolor,EN,não
BROMELIACEAE,Araeococcus montanus,EN,não
BROMELIACEAE,Billbergia brasiliensis,EN,não
BROMELIACEAE,Bromelia braunii,CR,não
BROMELIACEAE,Bromelia macedoi,VU,não
BROMELIACEAE,Canistropsis albiflora,VU,não
BROMELIACEAE,Canistropsis elata,CR,não
BROMELIACEAE,Canistrum alagoanum,EN,não
BROMELIACEAE,Canistrum aurantiacum,EN,não
BROMELIACEAE,Canistrum camacaense,EN,não
BROMELIACEAE,Canistrum fosterianum,CR,sim
BROMELIACEAE,Canistrum guzmanioides,EN,não
BROMELIACEAE,Canistrum montanum,EN,não
BROMELIACEAE,Canistrum pickelii,VU,não
BROMELIACEAE,Canistrum triangulare,EN,não
BROMELIACEAE,Cryptanthus burle-marxii,VU,sim
BROMELIACEAE,Cryptanthus capitatus,EN,não
BROMELIACEAE,Cryptanthus caracensis,CR,não
BROMELIACEAE,Cryptanthus caulescens,EN,não
BROMELIACEAE,Cryptanthus coriaceus,EN,não
BROMELIACEAE,Cryptanthus dorothyae,EN,não
BROMELIACEAE,Cryptanthus exaltatus,EN,não
BROMELIACEAE,Cryptanthus fernseeoides,CR,não
BROMELIACEAE,Cryptanthus fosterianus,CR,sim
BROMELIACEAE,Cryptanthus glazioui,CR,não
BROMELIACEAE,Cryptanthus maritimus,EN,não
BROMELIACEAE,Cryptanthus minarum,EN,não
BROMELIACEAE,Cryptanthus odoratissimus,EN,não
BROMELIACEAE,Cryptanthus pseudoscaposus,EN,não
BROMELIACEAE,Cryptanthus roberto-kautskyi,CR,não
BROMELIACEAE,Cryptanthus scaposus,EN,não
BROMELIACEAE,Cryptanthus whitmanii,CR,não
BROMELIACEAE,Cryptanthus zonatus,VU,não
BROMELIACEAE,Deuterocohnia meziana,VU,não
BROMELIACEAE,Dyckia agudensis,CR,sim
BROMELIACEAE,Dyckia cabrerae,EN,sim
BROMELIACEAE,Dyckia delicata,CR,não
BROMELIACEAE,Dyckia distachya,CR,sim
BROMELIACEAE,Dyckia domfelicianensis,CR,não
BROMELIACEAE,Dyckia fosteriana,EN,não
BROMELIACEAE,Dyckia hatschbachii,CR,sim
BROMELIACEAE,Dyckia ibicuiensis,CR,não
BROMELIACEAE,Dyckia ibiramensis,EN,sim
BROMELIACEAE,Dyckia maritima,EN,não
BROMELIACEAE,Dyckia monticola,CR,não
BROMELIACEAE,Dyckia pseudococcinea,CR,não
BROMELIACEAE,Dyckia rariflora,EN,não
BROMELIACEAE,Dyckia reitzii,EN,não
BROMELIACEAE,Dyckia remotiflora,EN,não
BROMELIACEAE,Dyckia ursina,CR,não
BROMELIACEAE,Eduandrea selloana,EN,não
BROMELIACEAE,Encholirium biflorum,CR,não
BROMELIACEAE,Encholirium disjunctum,CR,não
BROMELIACEAE,Encholirium gracile,EN,não
BROMELIACEAE,Encholirium heloisae,EN,não
BROMELIACEAE,Encholirium horridum,EN,não
BROMELIACEAE,Encholirium irwinii,CR,não
BROMELIACEAE,Encholirium longiflorum,CR,não
BROMELIACEAE,Encholirium luxor,EN,não
BROMELIACEAE,Encholirium pedicellatum,CR,não
BROMELIACEAE,Encholirium scrutor,EN,não
BROMELIACEAE,Encholirium vogelii,CR,não
BROMELIACEAE,Fernseea bocainensis,CR,não
BROMELIACEAE,Fernseea itatiaiae,EN,sim
BROMELIACEAE,Guzmania monostachia,VU,sim
BROMELIACEAE,Guzmania sanguinea,EN,não
BROMELIACEAE,Hohenbergia castellanosii,EN,sim
BROMELIACEAE,Hohenbergia correia-araujoi,CR,sim
BROMELIACEAE,Hohenbergia littoralis,EN,sim
BROMELIACEAE,Lapanthus duartei,EN,não
BROMELIACEAE,Lymania alvimii,EN,não
BROMELIACEAE,Lymania azurea,EN,não
BROMELIACEAE,Lymania brachycaulis,EN,não
BROMELIACEAE,Lymania corallina,EN,não
BROMELIACEAE,Lymania globosa,EN,não
BROMELIACEAE,Lymania spiculata,CR,não
BROMELIACEAE,Neoregelia angustibracteolata,CR,não
BROMELIACEAE,Neoregelia brownii,CR,não
BROMELIACEAE,Neoregelia hoehneana,EN,não
BROMELIACEAE,Neoregelia inexspectata,EN,não
BROMELIACEAE,Neoregelia leprosa,VU,não
BROMELIACEAE,Neoregelia menescalii,EN,não
BROMELIACEAE,Neoregelia oligantha,VU,não
BROMELIACEAE,Neoregelia paulistana,EN,não
BROMELIACEAE,Neoregelia pernambucana,EN,não
BROMELIACEAE,Neoregelia ruschii,EN,não
BROMELIACEAE,Neoregelia sanguinea,EN,não
BROMELIACEAE,Nidularium atalaiaense,EN,não
BROMELIACEAE,Nidularium azureum,EN,não
BROMELIACEAE,Nidularium bocainense,EN,sim
BROMELIACEAE,Nidularium corallinum,EN,não
BROMELIACEAE,Nidularium ferrugineum,CR,não
BROMELIACEAE,Nidularium itatiaiae,EN,não
BROMELIACEAE,Nidularium jonesianum,EN,não
BROMELIACEAE,Nidularium kautskyanum,EN,não
BROMELIACEAE,Nidularium mangaratibense,CR,não
BROMELIACEAE,Nidularium minutum,VU,não
BROMELIACEAE,Nidularium organense,EN,não
BROMELIACEAE,Nidularium rosulatum,VU,não
BROMELIACEAE,Nidularium serratum,VU,não
BROMELIACEAE,Nidularium utriculosum,VU,sim
BROMELIACEAE,Orthophytum amoenum,EN,sim
BROMELIACEAE,Orthophytum duartei,EN,não
BROMELIACEAE,Orthophytum foliosum,VU,não
BROMELIACEAE,Orthophytum fosterianum,EN,não
BROMELIACEAE,Orthophytum grossiorum,EN,não
BROMELIACEAE,Orthophytum humile,CR,não
BROMELIACEAE,Orthophytum magalhaesii,EN,não
BROMELIACEAE,Orthophytum zanonii,CR,não
BROMELIACEAE,Pitcairnia albiflos,EN,não
BROMELIACEAE,Pitcairnia bradei,CR,não
BROMELIACEAE,Pitcairnia burle-marxii,CR,não
BROMELIACEAE,Pitcairnia decidua,EN,não
BROMELIACEAE,Pitcairnia encholirioides,EN,não
BROMELIACEAE,Pitcairnia glaziovii,EN,não
BROMELIACEAE,Pitcairnia limae,CR,não
BROMELIACEAE,Portea alatisepala,VU,não
BROMELIACEAE,Portea fosteriana,EN,não
BROMELIACEAE,Portea grandiflora,VU,sim
BROMELIACEAE,Portea kermesina,EN,sim
BROMELIACEAE,Portea nana,EN,não
BROMELIACEAE,Quesnelia kautskyi,VU,não
BROMELIACEAE,Quesnelia seideliana,EN,não
BROMELIACEAE,Tillandsia afonsoana,CR,sim
BROMELIACEAE,Tillandsia araujei,EN,não
BROMELIACEAE,Tillandsia brachyphylla,EN,não
BROMELIACEAE,Tillandsia crocata,EN,não
BROMELIACEAE,Tillandsia grazielae,EN,não
BROMELIACEAE,Tillandsia heubergeri,VU,não
BROMELIACEAE,Tillandsia jonesii,CR,não
BROMELIACEAE,Tillandsia kautskyi,VU,não
BROMELIACEAE,Tillandsia neglecta,CR,não
BROMELIACEAE,Tillandsia reclinata,CR,não
BROMELIACEAE,Tillandsia sucrei,CR,não
BROMELIACEAE,Tillandsia xiphioides,EN,não
BROMELIACEAE,Vriesea altimontana,EN,não
BROMELIACEAE,Vriesea altomacaensis,CR,não
BROMELIACEAE,Vriesea amadoi,CR,não
BROMELIACEAE,Vriesea amethystina,CR,não
BROMELIACEAE,Vriesea arachnoidea,EN,não
BROMELIACEAE,Vriesea biguassuensis,EN,sim
BROMELIACEAE,Vriesea bleherae,CR,não
BROMELIACEAE,Vriesea botafogensis,CR,não
BROMELIACEAE,Vriesea brassicoides,EN,não
BROMELIACEAE,Vriesea cacuminis,EN,não
BROMELIACEAE,Vriesea calimaniana,CR,não
BROMELIACEAE,Vriesea cearensis,EN,sim
BROMELIACEAE,Vriesea costae,CR,não
BROMELIACEAE,Vriesea delicatula,VU,não
BROMELIACEAE,Vriesea diamantinensis,EN,não
BROMELIACEAE,Vriesea eltoniana,EN,não
BROMELIACEAE,Vriesea funebris,EN,não
BROMELIACEAE,Vriesea gracilior,VU,não
BROMELIACEAE,Vriesea harrylutheri,CR,não
BROMELIACEAE,Vriesea kautskyana,VU,não
BROMELIACEAE,Vriesea leptantha,CR,não
BROMELIACEAE,Vriesea longistaminea,CR,não
BROMELIACEAE,Vriesea menescalii,EN,não
BROMELIACEAE,Vriesea minarum,EN,não
BROMELIACEAE,Vriesea monacorum,CR,não
BROMELIACEAE,Vriesea pastuchoffiana,EN,não
BROMELIACEAE,Vriesea penduliflora,EN,não
BROMELIACEAE,Vriesea pinottii,EN,sim
BROMELIACEAE,Vriesea racinae,EN,não
BROMELIACEAE,Vriesea rubyae,CR,não
BROMELIACEAE,Vriesea saxicola,EN,não
BROMELIACEAE,Vriesea sazimae,VU,não
BROMELIACEAE,Vriesea sucrei,EN,não
BROMELIACEAE,Vriesea wawranea,EN,não
BROMELIACEAE,Vriesea weberi,CR,não
BROMELIACEAE,Wittrockia superba,EN,não
BRUCHIACEAE,Pringleella subulata,EN,sim
BURSERACEAE,Bursera simaruba,VU,sim
BURSERACEAE,Dacryodes edilsonii,EN,não
BURSERACEAE,Protium bahianum,EN,não
BURSERACEAE,Protium giganteum,VU,não
BURSERACEAE,Protium icicariba,EN,não
BURSERACEAE,Protium inodorum,EN,não
BURSERACEAE,Tetragastris occhionii,EN,não
BURSERACEAE,Trattinnickia ferruginea,EN,sim
BURSERACEAE,Trattinnickia mensalis,EN,sim
CACTACEAE,Arrojadoa bahiensis,EN,não
CACTACEAE,Arrojadoa eriocaulis,EN,não
CACTACEAE,Arthrocereus glaziovii,EN,não
CACTACEAE,Arthrocereus melanurus,EN,não
CACTACEAE,Arthrocereus melanurus,EN,não
CACTACEAE,Arthrocereus melanurus,EN,sim
CACTACEAE,Arthrocereus rondonianus,EN,sim
CACTACEAE,Brasilicereus markgrafii,EN,sim
CACTACEAE,Cereus mirabella,VU,não
CACTACEAE,Cipocereus bradei,VU,não
CACTACEAE,Cipocereus crassisepalus,EN,sim
CACTACEAE,Cipocereus laniflorus,EN,sim
CACTACEAE,Cipocereus minensis,VU,não
CACTACEAE,Cipocereus pusilliflorus,CR,sim
CACTACEAE,Coleocephalocereus buxbaumianus,VU,não
CACTACEAE,Coleocephalocereus purpureus,EN,sim
CACTACEAE,Discocactus bahiensis,VU,não
CACTACEAE,Discocactus catingicola,VU,não
CACTACEAE,Discocactus horstii,CR,sim
CACTACEAE,Discocactus pseudoinsignis,CR,não
CACTACEAE,Discocactus zehntneri,VU,não
CACTACEAE,Echinopsis calochlora,CR,sim
CACTACEAE,Echinopsis oxygona,EN,não
CACTACEAE,Espostoopsis dybowskii,EN,sim
CACTACEAE,Facheiroa cephaliomelana,EN,não
CACTACEAE,Facheiroa cephaliomelana,EN,sim
CACTACEAE,Facheiroa ulei,EN,não
CACTACEAE,Frailea buenekeri,EN,não
CACTACEAE,Frailea castanea,EN,não
CACTACEAE,Frailea mammifera,CR,não
CACTACEAE,Frailea phaeodisca,EN,não
CACTACEAE,Frailea pumila,VU,não
CACTACEAE,Frailea pygmaea,VU,não
CACTACEAE,Gymnocalycium denudatum,EN,não
CACTACEAE,Hatiora herminiae,VU,não
CACTACEAE,Melocactus azureus,EN,sim
CACTACEAE,Melocactus conoideus,CR,não
CACTACEAE,Melocactus deinacanthus,CR,sim
CACTACEAE,Melocactus ferreophilus,EN,não
CACTACEAE,Melocactus glaucescens,EN,sim
CACTACEAE,Melocactus lanssensianus,EN,não
CACTACEAE,Melocactus pachyacanthus,EN,sim
CACTACEAE,Melocactus paucispinus,VU,não
CACTACEAE,Melocactus violaceus,VU,não
CACTACEAE,Melocactus violaceus,EN,sim
CACTACEAE,Micranthocereus albicephalus,EN,não
CACTACEAE,Micranthocereus auriazureus,EN,sim
CACTACEAE,Micranthocereus dolichospermaticus,EN,não
CACTACEAE,Micranthocereus polyanthus,EN,sim
CACTACEAE,Micranthocereus streckeri,CR,sim
CACTACEAE,Micranthocereus violaciflorus,EN,não
CACTACEAE,Parodia concinna,EN,não
CACTACEAE,Parodia crassigibba,EN,não
CACTACEAE,Parodia erinacea,EN,não
CACTACEAE,Parodia mammulosa,EN,não
CACTACEAE,Parodia oxycostata,VU,não
CACTACEAE,Parodia rechensis,CR,não
CACTACEAE,Parodia scopa,EN,não
CACTACEAE,Pereskia aureiflora,VU,não
CACTACEAE,Pilosocereus aurisetus,EN,sim
CACTACEAE,Pilosocereus azulensis,CR,sim
CACTACEAE,Pilosocereus floccosus,EN,não
CACTACEAE,Pilosocereus fulvilanatus,EN,não
CACTACEAE,Pilosocereus glaucochrous,VU,não
CACTACEAE,Pilosocereus magnificus,EN,não
CACTACEAE,Pilosocereus multicostatus,EN,não
CACTACEAE,Rhipsalis cereoides,CR,sim
CACTACEAE,Rhipsalis pacheco-leonis,EN,não
CACTACEAE,Rhipsalis paradoxa,EN,não
CACTACEAE,Schlumbergera kautskyi,EN,não
CACTACEAE,Schlumbergera microsphaerica,VU,não
CACTACEAE,Schlumbergera opuntioides,VU,não
CACTACEAE,Tacinga braunii,VU,sim
CACTACEAE,Uebelmannia buiningii,CR,sim
CACTACEAE,Uebelmannia gummifera,VU,sim
CACTACEAE,Uebelmannia pectinifera,EN,não
CALOPHYLLACEAE,Kielmeyera occhioniana,EN,não
CALOPHYLLACEAE,Kielmeyera rufotomentosa,CR,não
CALOPHYLLACEAE,Kielmeyera rupestris,CR,não
CALOPHYLLACEAE,Kielmeyera sigillata,CR,não
CALYCERACEAE,Boopis bupleuroides,EN,não
CALYCERACEAE,Boopis itatiaiae,EN,não
CAMPANULACEAE,Lobelia hilaireana,EN,não
CAMPANULACEAE,Lobelia langeana,EN,não
CAMPANULACEAE,Lobelia santos-limae,CR,não
CAPRIFOLIACEAE,Valeriana glaziovii,EN,não
CAPRIFOLIACEAE,Valeriana glechomifolia,EN,não
CAPRIFOLIACEAE,Valeriana organensis,CR,não
CAPRIFOLIACEAE,Valeriana reitziana,VU,não
CAPRIFOLIACEAE,Valeriana tajuvensis,VU,não
CELASTRACEAE,Maytenus acanthophylla,VU,não
CELASTRACEAE,Maytenus basidentata,CR,não
CELASTRACEAE,Maytenus quadrangulata,EN,não
CELASTRACEAE,Maytenus rupestris,VU,sim
CELASTRACEAE,Peritassa longifolia,VU,não
CELASTRACEAE,Peritassa sadleri,CR,não
CELASTRACEAE,Salacia mosenii,CR,sim
CELASTRACEAE,Tontelea lanceolata,EN,não
CELASTRACEAE,Tontelea martiana,EN,não
CHRYSOBALANACEAE,Couepia belemii,VU,não
CHRYSOBALANACEAE,Couepia carautae,EN,não
CHRYSOBALANACEAE,Couepia joaquinae,CR,não
CHRYSOBALANACEAE,Couepia leitaofilhoi,VU,não
CHRYSOBALANACEAE,Couepia meridionalis,CR,não
CHRYSOBALANACEAE,Couepia schottii,EN,não
CHRYSOBALANACEAE,Exellodendron gracile,EN,não
CHRYSOBALANACEAE,Hirtella insignis,EN,sim
CHRYSOBALANACEAE,Hirtella parviunguis,CR,sim
CHRYSOBALANACEAE,Hirtella santosii,EN,sim
CHRYSOBALANACEAE,Licania arianeae,EN,não
CHRYSOBALANACEAE,Licania belemii,EN,não
CHRYSOBALANACEAE,Licania conferruminata,CR,não
CHRYSOBALANACEAE,Licania indurata,EN,sim
CHRYSOBALANACEAE,Parinari brasiliensis,EN,sim
CISTACEAE,Helianthemum brasiliense,EN,não
CLUSIACEAE,Clusia aemygdioi,EN,não
COMBRETACEAE,Buchenavia parvifolia,VU,sim
COMBRETACEAE,Combretum rupicola,CR,não
COMBRETACEAE,Terminalia acuminata,EN,sim
COMMELINACEAE,Dichorisandra acaulis,EN,não
COMMELINACEAE,Dichorisandra glaziovii,VU,não
COMMELINACEAE,Dichorisandra leucophthalmos,VU,não
COMMELINACEAE,Dichorisandra neglecta,CR,não
COMMELINACEAE,Siderasis fuscata,EN,não
CONNARACEAE,Rourea cnestidifolia,EN,não
CONNARACEAE,Rourea pseudospadicea,EN,sim
CONVOLVULACEAE,Evolvulus chrysotrichos,EN,não
CONVOLVULACEAE,Evolvulus glaziovii,VU,não
CONVOLVULACEAE,Evolvulus kramerioides,VU,não
CONVOLVULACEAE,Evolvulus rariflorus,VU,não
CONVOLVULACEAE,Evolvulus riedelii,EN,não
CONVOLVULACEAE,Evolvulus stellariifolius,EN,não
CONVOLVULACEAE,Ipomoea carajasensis,VU,sim
CONVOLVULACEAE,Ipomoea cavalcantei,EN,sim
CONVOLVULACEAE,Ipomoea daturiflora,VU,não
CONVOLVULACEAE,Ipomoea macedoi,CR,sim
CONVOLVULACEAE,Ipomoea subrevoluta,VU,não
CONVOLVULACEAE,Jacquemontia cephalantha,VU,não
CONVOLVULACEAE,Jacquemontia revoluta,EN,não
CONVOLVULACEAE,Merremia repens,EN,não
CRASSULACEAE,Crassula peduncularis,CR,não
CYCLANTHACEAE,Asplundia polymera,VU,não
CYPERACEAE,Bulbostylis distichoides,VU,sim
CYPERACEAE,Bulbostylis nesiotis,VU,sim
CYPERACEAE,Bulbostylis smithii,EN,sim
CYPERACEAE,Cyperus atlanticus,VU,não
CYPERACEAE,Hypolytrum amorimii,CR,não
CYPERACEAE,Hypolytrum bahiense,EN,não
CYPERACEAE,Hypolytrum lucennoi,VU,não
CYPERACEAE,Hypolytrum paraense,EN,não
CYPERACEAE,Lagenocarpus bracteosus,EN,não
CYPERACEAE,Pleurostachys pilulifera,CR,sim
CYPERACEAE,Scleria balansae,VU,não
CYPERACEAE,Trilepis tenuis,CR,não
DICHAPETALACEAE,Stephanopodium engleri,EN,não
DICHAPETALACEAE,Stephanopodium magnifolium,CR,não
DICKSONIACEAE,Dicksonia sellowiana,EN,sim
DICRANACEAE,Atractylocarpus brasiliensis,EN,sim
DICRANACEAE,Atractylocarpus longisetus,EN,sim
DICRANACEAE,Campylopus densicoma,EN,sim
DILLENIACEAE,Davilla glaziovii,CR,sim
DILLENIACEAE,Davilla macrocarpa,VU,não
DILLENIACEAE,Doliocarpus lancifolius,EN,não
DIOSCOREACEAE,Dioscorea asperula,VU,não
DIOSCOREACEAE,Dioscorea loefgrenii,VU,não
DIOSCOREACEAE,Dioscorea mantiqueirensis,CR,não
DIOSCOREACEAE,Dioscorea pseudomacrocapsa,EN,não
DIOSCOREACEAE,Dioscorea sanpaulensis,EN,não
DIOSCOREACEAE,Dioscorea trilinguis,EN,não
DITRICHACEAE,Chrysoblastella chilensis,EN,não
DROSERACEAE,Drosera graomogolensis,EN,não
DRYOPTERIDACEAE,Elaphoglossum acrocarpum,VU,não
DRYOPTERIDACEAE,Elaphoglossum amplissimum,EN,não
DRYOPTERIDACEAE,Elaphoglossum beckeri,CR,não
DRYOPTERIDACEAE,Megalastrum wacketii,EN,não
DRYOPTERIDACEAE,Polystichum bradei,EN,não
ELAEOCARPACEAE,Sloanea obtusifolia,EN,não
EPHEDRACEAE,Ephedra tweediana,VU,não
ERICACEAE,Gaultheria sleumeriana,CR,não
ERICACEAE,Gaylussacia angulata,EN,não
ERICACEAE,Gaylussacia caparoensis,EN,não
ERICACEAE,Gaylussacia centunculifolia,EN,não
ERICACEAE,Gaylussacia harleyi,VU,não
ERICACEAE,Gaylussacia oleifolia,EN,não
ERICACEAE,Gaylussacia pruinosa,CR,não
ERICACEAE,Gaylussacia retivenia,CR,não
ERICACEAE,Gaylussacia setosa,CR,não
ERIOCAULACEAE,Actinocephalus cipoensis,CR,sim
ERIOCAULACEAE,Actinocephalus claussenianus,VU,sim
ERIOCAULACEAE,Comanthera bahiensis,EN,sim
ERIOCAULACEAE,Comanthera brasiliana,CR,sim
ERIOCAULACEAE,Comanthera elegans,EN,sim
ERIOCAULACEAE,Comanthera harleyi,VU,sim
ERIOCAULACEAE,Comanthera mucugensis,EN,sim
ERIOCAULACEAE,Leiothrix echinocephala,VU,não
ERIOCAULACEAE,Paepalanthus ater,CR,não
ERIOCAULACEAE,Paepalanthus hydra,EN,sim
ERIOCAULACEAE,Syngonanthus itambeensis,EN,não
ERIOCAULACEAE,Syngonanthus laricifolius,VU,não
ERYTHROXYLACEAE,Erythroxylum bezerrae,EN,sim
ERYTHROXYLACEAE,Erythroxylum catharinense,EN,sim
ERYTHROXYLACEAE,Erythroxylum compressum,EN,sim
ERYTHROXYLACEAE,Erythroxylum leal-costae,CR,sim
ERYTHROXYLACEAE,Erythroxylum mattos-silvae,EN,sim
ERYTHROXYLACEAE,Erythroxylum membranaceum,EN,sim
ERYTHROXYLACEAE,Erythroxylum nelson-rosae,EN,não
ERYTHROXYLACEAE,Erythroxylum pauferrense,EN,sim
ERYTHROXYLACEAE,Erythroxylum petrae-caballi,VU,não
ERYTHROXYLACEAE,Erythroxylum substriatum,VU,não
ERYTHROXYLACEAE,Erythroxylum tianguanum,CR,sim
ESCALLONIACEAE,Escallonia obtusissima,VU,não
ESCALLONIACEAE,Escallonia petrophila,EN,não
EUPHORBIACEAE,Adenophaedra cearensis,CR,não
EUPHORBIACEAE,Algernonia dimitrii,CR,não
EUPHORBIACEAE,Algernonia kuhlmannii,CR,não
EUPHORBIACEAE,Astraea cincta,EN,não
EUPHORBIACEAE,Bernardia confertifolia,EN,não
EUPHORBIACEAE,Bernardia crassifolia,EN,não
EUPHORBIACEAE,Caperonia buettneriacea,VU,não
EUPHORBIACEAE,Chiropetalum foliosum,EN,não
EUPHORBIACEAE,Chiropetalum gymnadenium,VU,não
EUPHORBIACEAE,Croton leptobotryus,VU,não
EUPHORBIACEAE,Dalechampia purpurata,EN,não
EUPHORBIACEAE,Dalechampia riparia,CR,sim
EUPHORBIACEAE,Euphorbia appariciana,EN,não
EUPHORBIACEAE,Euphorbia attastoma,EN,não
EUPHORBIACEAE,Euphorbia crossadenia,EN,não
EUPHORBIACEAE,Euphorbia gymnoclada,VU,não
EUPHORBIACEAE,Euphorbia holochlorina,CR,não
EUPHORBIACEAE,Manihot procumbens,VU,não
FABACEAE,Aeschynomene fructipendula,EN,sim
FABACEAE,Aeschynomene laca-buendiana,EN,não
FABACEAE,Albizia burkartiana,VU,não
FABACEAE,Albizia glabripetala,EN,não
FABACEAE,Amburana acreana,VU,sim
FABACEAE,Apuleia leiocarpa,VU,não
FABACEAE,Arachis villosa,EN,não
FABACEAE,Bauhinia integerrima,EN,não
FABACEAE,Caesalpinia echinata,EN,sim
FABACEAE,Calliandra carrascana,EN,não
FABACEAE,Centrolobium paraense,EN,não
FABACEAE,Centrosema carajasense,VU,não
FABACEAE,Chamaecrista anamariae,EN,não
FABACEAE,Chamaecrista atroglandulosa,EN,não
FABACEAE,Chamaecrista catolesensis,VU,não
FABACEAE,Chamaecrista cipoana,VU,não
FABACEAE,Chamaecrista fodinarum,VU,não
FABACEAE,Chamaecrista lagotois,CR,não
FABACEAE,Chamaecrista stillifera,VU,não
FABACEAE,Chamaecrista tephrosiifolia,VU,não
FABACEAE,Chamaecrista ulmea,CR,não
FABACEAE,Dalbergia elegans,VU,sim
FABACEAE,Dalbergia nigra,VU,sim
FABACEAE,Desmodium craspediferum,EN,não
FABACEAE,Dimorphandra wilsonii,CR,sim
FABACEAE,Gleditsia amorphoides,VU,não
FABACEAE,Harpalyce lanata,EN,não
FABACEAE,Harpalyce parvifolia,EN,não
FABACEAE,Hymenaea parvifolia,VU,não
FABACEAE,Hymenolobium excelsum,VU,não
FABACEAE,Inga aptera,VU,não
FABACEAE,Inga arenicola,EN,não
FABACEAE,Inga enterolobioides,CR,não
FABACEAE,Inga grazielae,VU,não
FABACEAE,Inga maritima,VU,não
FABACEAE,Inga mendoncaei,VU,não
FABACEAE,Inga pedunculata,CR,não
FABACEAE,Inga platyptera,VU,não
FABACEAE,Inga pleiogyna,VU,não
FABACEAE,Inga praegnans,VU,não
FABACEAE,Inga suborbicularis,VU,não
FABACEAE,Inga unica,VU,não
FABACEAE,Lathyrus acutifolius,CR,não
FABACEAE,Lathyrus paraguariensis,VU,não
FABACEAE,Leucochloron foederale,EN,não
FABACEAE,Leucochloron minarum,EN,não
FABACEAE,Lupinus coriaceus,VU,não
FABACEAE,Lupinus decurrens,EN,não
FABACEAE,Lupinus laevigatus,EN,não
FABACEAE,Machaerium obovatum,VU,sim
FABACEAE,Macrosamanea prancei,VU,não
FABACEAE,Melanoxylon brauna,VU,sim
FABACEAE,Mimosa acroconica,EN,não
FABACEAE,Mimosa adamantina,EN,não
FABACEAE,Mimosa balduinii,EN,sim
FABACEAE,Mimosa barretoi,EN,não
FABACEAE,Mimosa bathyrrhena,EN,não
FABACEAE,Mimosa bombycina,EN,não
FABACEAE,Mimosa bracteolaris,VU,não
FABACEAE,Mimosa catharinensis,EN,sim
FABACEAE,Mimosa chrysastra,CR,não
FABACEAE,Mimosa hatschbachii,EN,não
FABACEAE,Mimosa heringeri,EN,sim
FABACEAE,Mimosa involucrata,EN,não
FABACEAE,Mimosa leprosa,EN,não
FABACEAE,Mimosa lithoreas,EN,não
FABACEAE,Mimosa macedoana,EN,não
FABACEAE,Mimosa mensicola,EN,não
FABACEAE,Mimosa montis-carasae,EN,sim
FABACEAE,Mimosa myuros,VU,não
FABACEAE,Mimosa paucifolia,VU,não
FABACEAE,Mimosa psittacina,EN,não
FABACEAE,Mimosa skinneri,CR,não
FABACEAE,Mimosa suburbana,CR,sim
FABACEAE,Mimosa thomista,EN,não
FABACEAE,Mimosa uniceps,EN,não
FABACEAE,Mimosa urticaria,EN,não
FABACEAE,Moldenhawera papillanthera,VU,não
FABACEAE,Neptunia pubescens,VU,não
FABACEAE,Peltogyne maranhensis,VU,sim
FABACEAE,Sellocharis paradoxa,VU,não
FABACEAE,Swartzia glazioviana,VU,sim
FABACEAE,Swartzia linharensis,VU,não
FABACEAE,Tachigali beaurepairei,VU,não
FABACEAE,Vicia pampicola,CR,não
FABACEAE,Vouacapoua americana,EN,não
FABACEAE,Zollernia magnifica,VU,não
GELSEMIACEAE,Mostuea muricata,VU,não
GENTIANACEAE,Prepusa hookeriana,EN,sim
GENTIANACEAE,Prepusa viridiflora,EN,não
GENTIANACEAE,Senaea coerulea,EN,não
GENTIANACEAE,Senaea janeirensis,EN,não
GENTIANACEAE,Zygostigma australe,EN,não
GESNERIACEAE,Besleria umbrosa,VU,não
GESNERIACEAE,Codonanthe carnosa,VU,não
GESNERIACEAE,Codonanthe venosa,VU,não
GESNERIACEAE,Goyazia petraea,EN,não
GESNERIACEAE,Nematanthus monanthos,EN,não
GESNERIACEAE,Paliavana werdermannii,VU,não
GESNERIACEAE,Sinningia aghensis,EN,não
GESNERIACEAE,Sinningia araneosa,VU,não
GESNERIACEAE,Sinningia carangolensis,EN,não
GESNERIACEAE,Sinningia cardinalis,CR,sim
GESNERIACEAE,Sinningia cochlearis,CR,sim
GESNERIACEAE,Sinningia defoliata,VU,não
GESNERIACEAE,Sinningia glazioviana,CR,não
GESNERIACEAE,Sinningia guttata,EN,sim
GESNERIACEAE,Sinningia harleyi,EN,não
GESNERIACEAE,Sinningia hatschbachii,EN,não
GESNERIACEAE,Sinningia hirsuta,EN,sim
GESNERIACEAE,Sinningia iarae,EN,não
GESNERIACEAE,Sinningia insularis,EN,não
GESNERIACEAE,Sinningia kautskyi,VU,não
GESNERIACEAE,Sinningia lindleyi,EN,sim
GESNERIACEAE,Sinningia lineata,EN,não
GESNERIACEAE,Sinningia micans,EN,não
GESNERIACEAE,Sinningia piresiana,EN,não
GESNERIACEAE,Sinningia rupicola,EN,não
GESNERIACEAE,Sinningia striata,VU,não
GESNERIACEAE,Sinningia tuberosa,VU,não
GESNERIACEAE,Sinningia valsuganensis,EN,não
GESNERIACEAE,Sinningia villosa,EN,não
GESNERIACEAE,Sphaerorrhiza burchellii,EN,não
GESNERIACEAE,Vanhouttea lanata,EN,sim
GESNERIACEAE,Vanhouttea leonii,EN,não
GESNERIACEAE,Vanhouttea pendula,EN,não
GUNNERACEAE,Gunnera herteri,EN,não
HEDWIGIACEAE,Braunia plicata,VU,não
HUMIRIACEAE,Humiriastrum spiritu-sancti,CR,não
HYMENOPHYLLACEAE,Hymenophyllum sampaioanum,CR,não
HYMENOPHYLLACEAE,Hymenophyllum silveirae,CR,não
HYPERICACEAE,Hypericum mutilum,VU,não
IRIDACEAE,Pseudotrimezia brevistamina,CR,não
IRIDACEAE,Pseudotrimezia concava,CR,não
IRIDACEAE,Pseudotrimezia elegans,CR,sim
IRIDACEAE,Pseudotrimezia gracilis,CR,sim
IRIDACEAE,Pseudotrimezia synandra,EN,sim
IRIDACEAE,Pseudotrimezia tenuissima,EN,sim
IRIDACEAE,Trimezia exillima,EN,não
IRIDACEAE,Trimezia fistulosa,EN,sim
IRIDACEAE,Trimezia fistulosa,CR,sim
IRIDACEAE,Trimezia plicatifolia,EN,não
ISOETACEAE,Isoetes bradei,EN,sim
ISOETACEAE,Isoetes luetzelburgii,EN,não
JUNGERMANNIACEAE,Jungermannia decolor,EN,sim
LAMIACEAE,Cyanocephalus apertiflorus,VU,não
LAMIACEAE,Cyanocephalus caprariifolius,EN,não
LAMIACEAE,Cyanocephalus delicatulus,EN,não
LAMIACEAE,Cyanocephalus digitatus,EN,não
LAMIACEAE,Cyanocephalus tagetifolius,EN,sim
LAMIACEAE,Cyanocephalus viaticus,EN,não
LAMIACEAE,Eriope anamariae,EN,não
LAMIACEAE,Eriope blanchetii,VU,não
LAMIACEAE,Eriope crassipes,CR,não
LAMIACEAE,Eriope luetzelburgii,VU,não
LAMIACEAE,Eriope machrisae,EN,sim
LAMIACEAE,Eriope obovata,EN,não
LAMIACEAE,Hesperozygis ringens,VU,não
LAMIACEAE,Hypenia aristulata,CR,não
LAMIACEAE,Hypenia crispata,EN,não
LAMIACEAE,Hypenia micrantha,EN,não
LAMIACEAE,Hypenia subrosea,EN,não
LAMIACEAE,Hyptidendron claussenii,EN,sim
LAMIACEAE,Hyptidendron conspersum,EN,não
LAMIACEAE,Hyptis alpestris,EN,não
LAMIACEAE,Hyptis angustifolia,EN,não
LAMIACEAE,Hyptis arenaria,VU,sim
LAMIACEAE,Hyptis bahiensis,EN,não
LAMIACEAE,Hyptis colligata,EN,não
LAMIACEAE,Hyptis cruciformis,EN,não
LAMIACEAE,Hyptis frondosa,VU,sim
LAMIACEAE,Hyptis hamatidens,VU,não
LAMIACEAE,Hyptis imbricatiformis,EN,sim
LAMIACEAE,Hyptis pachyphylla,VU,sim
LAMIACEAE,Hyptis penaeoides,EN,sim
LAMIACEAE,Hyptis rhypidiophylla,EN,sim
LAMIACEAE,Leptohyptis pinheiroi,EN,sim
LAMIACEAE,Martianthus sancti-gabrielii,EN,não
LAMIACEAE,Medusantha carvalhoi,VU,sim
LAMIACEAE,Oocephalus piranii,CR,não
LAURACEAE,Aiouea benthamiana,EN,não
LAURACEAE,Aiouea bracteata,VU,não
LAURACEAE,Aiouea lehmannii,EN,não
LAURACEAE,Aniba ferrea,VU,não
LAURACEAE,Aniba rosaeodora,EN,sim
LAURACEAE,Aniba santalodora,VU,não
LAURACEAE,Beilschmiedia rigida,EN,sim
LAURACEAE,Cinnamomum erythropus,EN,não
LAURACEAE,Cinnamomum hatschbachii,VU,não
LAURACEAE,Cinnamomum quadrangulum,VU,não
LAURACEAE,Dicypellium caryophyllaceum,CR,sim
LAURACEAE,Mezilaurus itauba,VU,não
LAURACEAE,Mezilaurus navalium,EN,não
LAURACEAE,Nectandra barbellata,VU,não
LAURACEAE,Nectandra grisea,VU,não
LAURACEAE,Nectandra paranaensis,VU,não
LAURACEAE,Ocotea basicordatifolia,EN,sim
LAURACEAE,Ocotea beulahiae,EN,não
LAURACEAE,Ocotea beyrichii,VU,não
LAURACEAE,Ocotea bragai,EN,sim
LAURACEAE,Ocotea catharinensis,VU,sim
LAURACEAE,Ocotea confertiflora,VU,não
LAURACEAE,Ocotea cryptocarpa,EN,não
LAURACEAE,Ocotea felix,EN,não
LAURACEAE,Ocotea mosenii,VU,não
LAURACEAE,Ocotea odorifera,EN,sim
LAURACEAE,Ocotea porosa,EN,sim
LAURACEAE,Ocotea serrana,EN,não
LAURACEAE,Ocotea tabacifolia,EN,não
LAURACEAE,Persea glabra,CR,não
LAURACEAE,Persea obovata,CR,não
LAURACEAE,Persea pedunculosa,EN,não
LAURACEAE,Rhodostemonodaphne capixabensis,EN,sim
LAURACEAE,Rhodostemonodaphne parvifolia,CR,não
LAURACEAE,Rhodostemonodaphne recurva,EN,não
LAURACEAE,Urbanodendron bahiense,VU,não
LAURACEAE,Williamodendron cinnamomeum,CR,não
LECYTHIDACEAE,Bertholletia excelsa,VU,sim
LECYTHIDACEAE,Cariniana ianeirensis,EN,sim
LECYTHIDACEAE,Cariniana legalis,EN,não
LECYTHIDACEAE,Cariniana parvifolia,EN,sim
LECYTHIDACEAE,Couratari asterotricha,EN,sim
LECYTHIDACEAE,Couratari pyramidata,EN,não
LECYTHIDACEAE,Eschweilera alvimii,EN,não
LECYTHIDACEAE,Eschweilera compressa,EN,não
LECYTHIDACEAE,Eschweilera subcordata,EN,não
LECYTHIDACEAE,Eschweilera tetrapetala,EN,não
LECYTHIDACEAE,Lecythis schwackei,EN,não
LEJEUNEACEAE,Blepharolejeunea securifolia,EN,sim
LEJEUNEACEAE,Bromeliophila natans,EN,sim
LEJEUNEACEAE,Drepanolejeunea aculeata,EN,sim
LEJEUNEACEAE,Myriocoleopsis fluviatilis,VU,sim
LENTIBULARIACEAE,Genlisea lobata,EN,não
LENTIBULARIACEAE,Utricularia tridentata,VU,não
LEPIDOZIACEAE,Paracromastigum dusenii,EN,sim
LINACEAE,Linum smithii,EN,não
LOASACEAE,Aosa uleana,CR,não
LOGANIACEAE,Spigelia aceifolia,EN,sim
LOGANIACEAE,Spigelia amplexicaulis,EN,não
LOGANIACEAE,Spigelia cipoensis,CR,sim
LOGANIACEAE,Spigelia flava,VU,não
LOGANIACEAE,Spigelia kuhlmannii,EN,não
LOGANIACEAE,Spigelia lundiana,EN,não
LOGANIACEAE,Spigelia reitzii,EN,não
LOGANIACEAE,Spigelia vestita,EN,não
LYCOPODIACEAE,Diphasium jussiaei,EN,não
LYCOPODIACEAE,Palhinhaea bradei,EN,não
LYCOPODIACEAE,Phlegmariurus aqualupianus,EN,sim
LYCOPODIACEAE,Phlegmariurus christii,EN,não
LYCOPODIACEAE,Phlegmariurus hemleri,CR,não
LYCOPODIACEAE,Phlegmariurus itambensis,EN,não
LYCOPODIACEAE,Phlegmariurus martii,EN,não
LYCOPODIACEAE,Phlegmariurus mollicomus,EN,não
LYCOPODIACEAE,Phlegmariurus mooreanus,EN,não
LYCOPODIACEAE,Phlegmariurus nudus,EN,não
LYCOPODIACEAE,Phlegmariurus regnellii,CR,não
LYCOPODIACEAE,Phlegmariurus ruber,CR,sim
LYCOPODIACEAE,Phlegmariurus sellowianus,VU,não
LYCOPODIACEAE,Phlegmariurus taxifolius,EN,não
LYCOPODIACEAE,Phlegmariurus treitubensis,CR,não
LYCOPODIACEAE,Pseudolycopodiella benjaminiana,EN,não
LYTHRACEAE,Cuphea adenophylla,CR,sim
LYTHRACEAE,Cuphea arenarioides,VU,não
LYTHRACEAE,Cuphea bahiensis,EN,não
LYTHRACEAE,Cuphea cipoensis,EN,sim
LYTHRACEAE,Cuphea cuiabensis,EN,não
LYTHRACEAE,Cuphea glaziovii,EN,não
LYTHRACEAE,Cuphea lindmaniana,EN,não
LYTHRACEAE,Cuphea rubro-virens,CR,não
LYTHRACEAE,Cuphea teleandra,CR,sim
LYTHRACEAE,Diplusodon aggregatifolius,EN,não
LYTHRACEAE,Diplusodon argyrophyllus,CR,não
LYTHRACEAE,Diplusodon ericoides,CR,sim
LYTHRACEAE,Diplusodon glaziovii,CR,sim
LYTHRACEAE,Diplusodon gracilis,CR,sim
LYTHRACEAE,Diplusodon hatschbachii,VU,sim
LYTHRACEAE,Diplusodon minasensis,EN,sim
LYTHRACEAE,Diplusodon orbicularis,VU,não
LYTHRACEAE,Diplusodon ovatus,EN,não
LYTHRACEAE,Diplusodon panniculatus,CR,sim
LYTHRACEAE,Diplusodon retroimbricatus,CR,sim
LYTHRACEAE,Diplusodon villosissimus,VU,não
LYTHRACEAE,Lafoensia nummularifolia,VU,não
MALPIGHIACEAE,Banisteriopsis andersonii,VU,não
MALPIGHIACEAE,Banisteriopsis basifixa,VU,não
MALPIGHIACEAE,Banisteriopsis cipoensis,EN,não
MALPIGHIACEAE,Banisteriopsis hatschbachii,EN,não
MALPIGHIACEAE,Banisteriopsis hirsuta,EN,não
MALPIGHIACEAE,Banisteriopsis magdalenensis,EN,não
MALPIGHIACEAE,Banisteriopsis pseudojanusia,CR,não
MALPIGHIACEAE,Banisteriopsis sellowiana,VU,não
MALPIGHIACEAE,Bunchosia itacarensis,CR,não
MALPIGHIACEAE,Bunchosia macilenta,VU,não
MALPIGHIACEAE,Bunchosia pernambucana,EN,não
MALPIGHIACEAE,Byrsonima alvimii,VU,não
MALPIGHIACEAE,Byrsonima brachybotrya,VU,não
MALPIGHIACEAE,Byrsonima cipoensis,EN,não
MALPIGHIACEAE,Byrsonima fonsecae,CR,não
MALPIGHIACEAE,Byrsonima lanulosa,EN,não
MALPIGHIACEAE,Byrsonima microphylla,EN,não
MALPIGHIACEAE,Byrsonima onishiana,EN,não
MALPIGHIACEAE,Camarea elongata,VU,não
MALPIGHIACEAE,Camarea humifusa,EN,não
MALPIGHIACEAE,Camarea linearifolia,CR,não
MALPIGHIACEAE,Diplopterys sepium,EN,não
MALPIGHIACEAE,Heladena multiflora,EN,não
MALPIGHIACEAE,Heteropterys admirabilis,EN,não
MALPIGHIACEAE,Heteropterys aliciae,CR,não
MALPIGHIACEAE,Heteropterys bahiensis,CR,não
MALPIGHIACEAE,Heteropterys brasiliensis,EN,não
MALPIGHIACEAE,Heteropterys bullata,EN,não
MALPIGHIACEAE,Heteropterys capixaba,EN,não
MALPIGHIACEAE,Heteropterys conformis,CR,não
MALPIGHIACEAE,Heteropterys crinigera,VU,não
MALPIGHIACEAE,Heteropterys dusenii,VU,não
MALPIGHIACEAE,Heteropterys fragilis,EN,não
MALPIGHIACEAE,Heteropterys hatschbachii,CR,não
MALPIGHIACEAE,Heteropterys marginata,EN,não
MALPIGHIACEAE,Heteropterys megaptera,EN,não
MALPIGHIACEAE,Heteropterys oberdanii,VU,não
MALPIGHIACEAE,Heteropterys occhionii,CR,não
MALPIGHIACEAE,Heteropterys sanctorum,CR,não
MALPIGHIACEAE,Heteropterys ternstroemiifolia,EN,não
MALPIGHIACEAE,Heteropterys thyrsoidea,EN,não
MALPIGHIACEAE,Hiraea bullata,VU,não
MALPIGHIACEAE,Hiraea wiedeana,EN,não
MALPIGHIACEAE,Janusia linearifolia,VU,não
MALPIGHIACEAE,Janusia occhionii,EN,não
MALPIGHIACEAE,Janusia schwannioides,EN,não
MALPIGHIACEAE,Mezia araujoi,EN,não
MALPIGHIACEAE,Peixotoa adenopoda,EN,não
MALPIGHIACEAE,Peixotoa andersonii,CR,não
MALPIGHIACEAE,Peixotoa bahiana,CR,não
MALPIGHIACEAE,Peixotoa barnebyi,EN,não
MALPIGHIACEAE,Peixotoa catarinensis,EN,não
MALPIGHIACEAE,Peixotoa cipoana,EN,não
MALPIGHIACEAE,Peixotoa psilophylla,VU,não
MALPIGHIACEAE,Stigmaphyllon bradei,CR,sim
MALPIGHIACEAE,Stigmaphyllon carautae,CR,não
MALPIGHIACEAE,Stigmaphyllon crenatum,EN,não
MALPIGHIACEAE,Stigmaphyllon glabrum,CR,não
MALPIGHIACEAE,Stigmaphyllon harleyi,EN,não
MALPIGHIACEAE,Stigmaphyllon macedoanum,CR,não
MALPIGHIACEAE,Stigmaphyllon mattogrossense,CR,não
MALPIGHIACEAE,Stigmaphyllon vitifolium,CR,não
MALPIGHIACEAE,Thryallis laburnum,VU,não
MALPIGHIACEAE,Thryallis parviflora,EN,não
MALVACEAE,Abutilon anodoides,CR,não
MALVACEAE,Abutilon nigricans,CR,não
MALVACEAE,Calyculogygas uruguayensis,EN,não
MALVACEAE,Calyptraemalva catharinensis,EN,sim
MALVACEAE,Hochreutinera hasslerana,EN,não
MALVACEAE,Monteiroa smithii,EN,não
MALVACEAE,Pavonia almasana,EN,não
MALVACEAE,Pavonia grazielae,VU,não
MALVACEAE,Pavonia hatschbachii,EN,não
MALVACEAE,Pavonia spiciformis,EN,não
MARANTACEAE,Goeppertia tuberosa,EN,não
MARANTACEAE,Goeppertia widgrenii,EN,não
MARANTACEAE,Ischnosiphon ovatus,EN,não
MARANTACEAE,Maranta subterranea,VU,não
MARANTACEAE,Saranthe composita,VU,não
MARCHANTIACEAE,Marchantia berteroana,EN,não
MARSILEACEAE,Regnellidium diphyllum,VU,não
MELASTOMATACEAE,Bertolonia angustifolia,CR,não
MELASTOMATACEAE,Bertolonia formosa,CR,não
MELASTOMATACEAE,Bertolonia foveolata,EN,não
MELASTOMATACEAE,Bertolonia hoehneana,CR,não
MELASTOMATACEAE,Bertolonia leuzeana,EN,não
MELASTOMATACEAE,Bertolonia paranaensis,EN,não
MELASTOMATACEAE,Cambessedesia atropurpurea,VU,não
MELASTOMATACEAE,Cambessedesia gracilis,EN,não
MELASTOMATACEAE,Cambessedesia hermogenesii,EN,sim
MELASTOMATACEAE,Cambessedesia weddellii,VU,não
MELASTOMATACEAE,Cambessedesia wurdackii,VU,não
MELASTOMATACEAE,Eriocnema acaulis,EN,sim
MELASTOMATACEAE,Eriocnema fulva,VU,sim
MELASTOMATACEAE,Huberia carvalhoi,EN,não
MELASTOMATACEAE,Huberia espiritosantensis,VU,não
MELASTOMATACEAE,Huberia pirani,EN,não
MELASTOMATACEAE,Lavoisiera cordata,VU,não
MELASTOMATACEAE,Leandra hatschbachii,EN,não
MELASTOMATACEAE,Lithobium cordatum,EN,não
MELASTOMATACEAE,Marcetia alba,CR,não
MELASTOMATACEAE,Marcetia bahiana,EN,não
MELASTOMATACEAE,Marcetia formosa,EN,não
MELASTOMATACEAE,Marcetia hatschbachii,EN,não
MELASTOMATACEAE,Marcetia luetzelburgii,EN,não
MELASTOMATACEAE,Marcetia lychnophoroides,EN,não
MELASTOMATACEAE,Marcetia nummularia,EN,não
MELASTOMATACEAE,Marcetia oxycoccoides,EN,sim
MELASTOMATACEAE,Marcetia semiriana,EN,não
MELASTOMATACEAE,Marcetia shepherdii,EN,não
MELASTOMATACEAE,Marcetia viscida,VU,não
MELASTOMATACEAE,Meriania callophylla,VU,não
MELASTOMATACEAE,Merianthera burlemarxii,EN,sim
MELASTOMATACEAE,Merianthera pulchra,VU,não
MELASTOMATACEAE,Miconia angelana,CR,não
MELASTOMATACEAE,Miconia capixaba,CR,não
MELASTOMATACEAE,Miconia carvalhoana,CR,não
MELASTOMATACEAE,Miconia cipoensis,EN,não
MELASTOMATACEAE,Miconia glazioviana,VU,não
MELASTOMATACEAE,Miconia johnwurdackiana,EN,não
MELASTOMATACEAE,Miconia mendoncae,VU,não
MELASTOMATACEAE,Miconia penduliflora,EN,não
MELASTOMATACEAE,Miconia picinguabensis,EN,não
MELASTOMATACEAE,Miconia setosociliata,VU,não
MELASTOMATACEAE,Microlicia canastrensis,EN,não
MELASTOMATACEAE,Microlicia cuspidifolia,CR,não
MELASTOMATACEAE,Microlicia flava,EN,não
MELASTOMATACEAE,Microlicia glazioviana,EN,não
MELASTOMATACEAE,Microlicia humilis,VU,não
MELASTOMATACEAE,Microlicia macedoi,EN,não
MELASTOMATACEAE,Microlicia microphylla,CR,não
MELASTOMATACEAE,Microlicia obtusifolia,EN,não
MELASTOMATACEAE,Microlicia psammophila,EN,não
MELASTOMATACEAE,Mouriri megasperma,CR,não
MELASTOMATACEAE,Ossaea warmingiana,VU,sim
MELASTOMATACEAE,Rhynchanthera latifolia,VU,não
MELASTOMATACEAE,Svitramia integerrima,EN,não
MELASTOMATACEAE,Svitramia minor,VU,não
MELASTOMATACEAE,Svitramia wurdackiana,VU,não
MELASTOMATACEAE,Tibouchina apparicioi,EN,não
MELASTOMATACEAE,Tibouchina bergiana,EN,sim
MELASTOMATACEAE,Tibouchina boudetii,VU,não
MELASTOMATACEAE,Tibouchina castellensis,CR,não
MELASTOMATACEAE,Tibouchina quartzophila,EN,sim
MELASTOMATACEAE,Tibouchina riedeliana,EN,não
MELASTOMATACEAE,Trembleya calycina,EN,não
MELASTOMATACEAE,Trembleya chamissoana,EN,não
MELASTOMATACEAE,Trembleya hatschbachii,EN,não
MELASTOMATACEAE,Trembleya pityoides,CR,não
MELIACEAE,Cedrela fissilis,VU,não
MELIACEAE,Cedrela lilloi,EN,não
MELIACEAE,Cedrela odorata,VU,não
MELIACEAE,Swietenia macrophylla,VU,sim
MELIACEAE,Trichilia blanchetii,VU,não
MELIACEAE,Trichilia florbranca,CR,não
MELIACEAE,Trichilia magnifoliola,EN,não
MELIACEAE,Trichilia micropetala,EN,não
MELIACEAE,Trichilia stellato-tomentosa,VU,não
METZGERIACEAE,Metzgeria hegewaldii,EN,não
MONIMIACEAE,Macropeplus friburgensis,EN,sim
MONIMIACEAE,Mollinedia eugeniifolia,EN,não
MONIMIACEAE,Mollinedia longicuspidata,EN,sim
MONIMIACEAE,Mollinedia luizae,VU,não
MORACEAE,Dorstenia conceptionis,EN,não
MORACEAE,Dorstenia hildegardis,CR,não
MORACEAE,Ficus cyclophylla,VU,não
MORACEAE,Maclura brasiliensis,EN,não
MYRISTICACEAE,Iryanthera campinae,VU,não
MYRISTICACEAE,Virola bicuhyba,EN,não
MYRISTICACEAE,Virola parvifolia,VU,não
MYRISTICACEAE,Virola surinamensis,VU,não
MYRTACEAE,Accara elegans,EN,não
MYRTACEAE,Calycolpus legrandii,VU,não
MYRTACEAE,Calyptranthes fusiformis,VU,não
MYRTACEAE,Calyptranthes hatschbachii,EN,não
MYRTACEAE,Calyptranthes pileata,VU,não
MYRTACEAE,Calyptranthes restingae,VU,sim
MYRTACEAE,Campomanesia espiritosantensis,CR,não
MYRTACEAE,Campomanesia hirsuta,EN,não
MYRTACEAE,Campomanesia macrobracteolata,VU,não
MYRTACEAE,Campomanesia prosthecesepala,EN,não
MYRTACEAE,Campomanesia reitziana,VU,não
MYRTACEAE,Eugenia blanda,EN,não
MYRTACEAE,Eugenia brunoi,EN,não
MYRTACEAE,Eugenia bunchosiifolia,VU,não
MYRTACEAE,Eugenia disperma,VU,não
MYRTACEAE,Eugenia hermesiana,CR,não
MYRTACEAE,Eugenia imaruiensis,EN,não
MYRTACEAE,Eugenia itacarensis,EN,sim
MYRTACEAE,Eugenia joenssonii,VU,não
MYRTACEAE,Eugenia leonorae,EN,não
MYRTACEAE,Eugenia macrobracteolata,EN,não
MYRTACEAE,Eugenia malacantha,EN,não
MYRTACEAE,Eugenia mattosii,EN,não
MYRTACEAE,Eugenia myrciariifolia,EN,não
MYRTACEAE,Eugenia neosericea,EN,não
MYRTACEAE,Eugenia neotristis,EN,não
MYRTACEAE,Eugenia oxyoentophylla,EN,não
MYRTACEAE,Eugenia pachyclada,EN,não
MYRTACEAE,Eugenia peruibensis,EN,não
MYRTACEAE,Eugenia pruinosa,EN,não
MYRTACEAE,Eugenia pseudomalacantha,EN,não
MYRTACEAE,Eugenia reitziana,EN,não
MYRTACEAE,Eugenia rotundicosta,CR,não
MYRTACEAE,Eugenia sclerocalyx,VU,não
MYRTACEAE,Eugenia vattimoana,VU,não
MYRTACEAE,Eugenia villaenovae,EN,sim
MYRTACEAE,Marlierea krapovickae,EN,não
MYRTACEAE,Marlierea lealcostae,CR,não
MYRTACEAE,Marlierea skortzoviana,CR,não
MYRTACEAE,Myrceugenia bracteosa,EN,não
MYRTACEAE,Myrceugenia brevipedicellata,EN,não
MYRTACEAE,Myrceugenia foveolata,EN,não
MYRTACEAE,Myrceugenia franciscensis,EN,não
MYRTACEAE,Myrceugenia gertii,EN,não
MYRTACEAE,Myrceugenia hamoniana,EN,não
MYRTACEAE,Myrceugenia hatschbachii,VU,não
MYRTACEAE,Myrceugenia hoehnei,VU,não
MYRTACEAE,Myrceugenia kleinii,VU,não
MYRTACEAE,Myrcia almasensis,EN,não
MYRTACEAE,Myrcia diaphana,VU,não
MYRTACEAE,Myrcia follii,CR,sim
MYRTACEAE,Myrcia gilsoniana,CR,sim
MYRTACEAE,Myrcia hexasticha,EN,não
MYRTACEAE,Myrcia isaiana,EN,sim
MYRTACEAE,Myrcia limae,EN,não
MYRTACEAE,Myrcia lineata,EN,não
MYRTACEAE,Myrcia magnifolia,CR,não
MYRTACEAE,Myrcia neocambessedeana,CR,não
MYRTACEAE,Myrcia riodocensis,CR,não
MYRTACEAE,Myrcia rupicola,EN,não
MYRTACEAE,Myrciaria plinioides,VU,não
MYRTACEAE,Neomitranthes amblymitra,VU,não
MYRTACEAE,Neomitranthes cordifolia,VU,não
MYRTACEAE,Neomitranthes gracilis,EN,não
MYRTACEAE,Neomitranthes langsdorffii,EN,não
MYRTACEAE,Neomitranthes obtusa,EN,não
MYRTACEAE,Neomitranthes pedicellata,EN,sim
MYRTACEAE,Neomitranthes sctictophylla,EN,não
MYRTACEAE,Plinia callosa,EN,sim
MYRTACEAE,Plinia complanata,EN,não
MYRTACEAE,Plinia edulis,VU,não
MYRTACEAE,Plinia hatschbachii,EN,sim
MYRTACEAE,Plinia ilhensis,EN,sim
MYRTACEAE,Plinia muricata,EN,não
MYRTACEAE,Plinia rara,EN,sim
MYRTACEAE,Plinia renatiana,EN,sim
MYRTACEAE,Psidium giganteum,EN,não
MYRTACEAE,Psidium reptans,EN,não
MYRTACEAE,Siphoneugena kuhlmannii,VU,não
OCHNACEAE,Luxemburgia angustifolia,VU,não
OCHNACEAE,Luxemburgia corymbosa,VU,não
OCHNACEAE,Luxemburgia flexuosa,VU,não
OCHNACEAE,Ouratea hatschbachii,EN,não
OCHNACEAE,Sauvagesia nitida,VU,não
OLEACEAE,Chionanthus fluminensis,CR,não
OLEACEAE,Chionanthus subsessilis,VU,sim
OLEACEAE,Chionanthus tenuis,CR,não
ORCHIDACEAE,Acianthera adiri,CR,não
ORCHIDACEAE,Acianthera heringeri,CR,não
ORCHIDACEAE,Acianthera langeana,EN,não
ORCHIDACEAE,Acianthera papillosa,VU,não
ORCHIDACEAE,Adamantinia miltonioides,CR,não
ORCHIDACEAE,Alatiglossum croesus,CR,não
ORCHIDACEAE,Anathallis colnagoi,CR,não
ORCHIDACEAE,Anathallis gehrtii,VU,não
ORCHIDACEAE,Anathallis pabstii,EN,não
ORCHIDACEAE,Anathallis tigridens,VU,não
ORCHIDACEAE,Baptistonia kautskyi,EN,não
ORCHIDACEAE,Baptistonia truncata,CR,não
ORCHIDACEAE,Barbosella trilobata,EN,não
ORCHIDACEAE,Bifrenaria silvana,CR,não
ORCHIDACEAE,Bifrenaria wittigii,EN,não
ORCHIDACEAE,Bipinnula biplumata,CR,não
ORCHIDACEAE,Bipinnula penicillata,EN,não
ORCHIDACEAE,Brachionidium restrepioides,VU,não
ORCHIDACEAE,Brachystele camporum,VU,não
ORCHIDACEAE,Brasilaelia crispa,VU,não
ORCHIDACEAE,Brasilaelia grandis,VU,não
ORCHIDACEAE,Brasilaelia lobata,EN,não
ORCHIDACEAE,Brasilaelia perrinii,VU,sim
ORCHIDACEAE,Brasilaelia purpurata,VU,não
ORCHIDACEAE,Brasilaelia tenebrosa,EN,sim
ORCHIDACEAE,Brasilaelia xanthina,EN,sim
ORCHIDACEAE,Brasilidium marshallianum,CR,não
ORCHIDACEAE,Brasilidium pectorale,CR,não
ORCHIDACEAE,Brasiliorchis schunkeana,EN,não
ORCHIDACEAE,Brassia arachnoidea,VU,não
ORCHIDACEAE,Bulbophyllum arianeae,CR,não
ORCHIDACEAE,Bulbophyllum boudetianum,EN,não
ORCHIDACEAE,Bulbophyllum kautskyi,VU,não
ORCHIDACEAE,Campylocentrum pernambucense,EN,sim
ORCHIDACEAE,Catasetum mattosianum,EN,não
ORCHIDACEAE,Cattleya aclandiae,VU,não
ORCHIDACEAE,Cattleya dormaniana,EN,sim
ORCHIDACEAE,Cattleya granulosa,VU,sim
ORCHIDACEAE,Cattleya guttata,VU,não
ORCHIDACEAE,Cattleya harrisoniana,VU,não
ORCHIDACEAE,Cattleya intermedia,VU,não
ORCHIDACEAE,Cattleya labiata,VU,sim
ORCHIDACEAE,Cattleya porphyroglossa,CR,não
ORCHIDACEAE,Cattleya schilleriana,EN,sim
ORCHIDACEAE,Cattleya schofieldiana,CR,não
ORCHIDACEAE,Cattleya tenuis,EN,sim
ORCHIDACEAE,Cattleya tigrina,VU,não
ORCHIDACEAE,Cattleya velutina,VU,sim
ORCHIDACEAE,Cattleya walkeriana,VU,não
ORCHIDACEAE,Cattleya warneri,VU,sim
ORCHIDACEAE,Centroglossa castellensis,CR,não
ORCHIDACEAE,Chloraea membranacea,EN,não
ORCHIDACEAE,Cirrhaea fuscolutea,EN,não
ORCHIDACEAE,Cirrhaea loddigesii,CR,não
ORCHIDACEAE,Cirrhaea longiracemosa,VU,não
ORCHIDACEAE,Cleistes aphylla,EN,não
ORCHIDACEAE,Codonorchis canisioi,CR,não
ORCHIDACEAE,Constantia cipoensis,CR,sim
ORCHIDACEAE,Coppensia macronyx,VU,não
ORCHIDACEAE,Coppensia majevskyi,EN,não
ORCHIDACEAE,Cyclopogon dutrae,EN,não
ORCHIDACEAE,Cycnoches pentadactylum,EN,não
ORCHIDACEAE,Cyrtopodium caiapoense,VU,não
ORCHIDACEAE,Cyrtopodium hatschbachii,EN,não
ORCHIDACEAE,Cyrtopodium lamellaticallosum,CR,não
ORCHIDACEAE,Cyrtopodium latifolium,CR,não
ORCHIDACEAE,Cyrtopodium linearifolium,CR,não
ORCHIDACEAE,Cyrtopodium lissochiloides,VU,não
ORCHIDACEAE,Cyrtopodium palmifrons,VU,não
ORCHIDACEAE,Cyrtopodium poecilum,EN,não
ORCHIDACEAE,Cyrtopodium triste,VU,não
ORCHIDACEAE,Dichaea mosenii,VU,não
ORCHIDACEAE,Dryadella auriculigera,CR,não
ORCHIDACEAE,Dryadella lilliputiana,VU,não
ORCHIDACEAE,Dryadella susanae,CR,não
ORCHIDACEAE,Dungsia harpophylla,VU,não
ORCHIDACEAE,Dungsia kautskyi,CR,sim
ORCHIDACEAE,Encyclia bragancae,EN,não
ORCHIDACEAE,Epidendrum addae,VU,não
ORCHIDACEAE,Epidendrum ecostatum,VU,não
ORCHIDACEAE,Epidendrum henschenii,EN,não
ORCHIDACEAE,Epidendrum robustum,VU,não
ORCHIDACEAE,Epidendrum zappii,EN,não
ORCHIDACEAE,Grandiphyllum divaricatum,VU,não
ORCHIDACEAE,Grandiphyllum hians,VU,não
ORCHIDACEAE,Grobya cipoensis,CR,não
ORCHIDACEAE,Grobya fascifera,VU,não
ORCHIDACEAE,Habenaria achalensis,VU,não
ORCHIDACEAE,Habenaria brachyplectron,CR,não
ORCHIDACEAE,Habenaria ernestulei,EN,não
ORCHIDACEAE,Habenaria galeandriformis,CR,não
ORCHIDACEAE,Habenaria itaculumia,CR,sim
ORCHIDACEAE,Habenaria novaesii,CR,não
ORCHIDACEAE,Habenaria piraquarensis,EN,não
ORCHIDACEAE,Hadrolaelia alaori,CR,não
ORCHIDACEAE,Hadrolaelia brevipedunculata,VU,sim
ORCHIDACEAE,Hadrolaelia jongheana,EN,sim
ORCHIDACEAE,Hadrolaelia pumila,VU,não
ORCHIDACEAE,Hadrolaelia pygmaea,EN,não
ORCHIDACEAE,Hadrolaelia sincorana,EN,não
ORCHIDACEAE,Hadrolaelia wittigiana,EN,não
ORCHIDACEAE,Hoehneella heloisae,CR,sim
ORCHIDACEAE,Hoffmannseggella briegeri,EN,não
ORCHIDACEAE,Hoffmannseggella caulescens,EN,não
ORCHIDACEAE,Hoffmannseggella endsfeldzii,CR,sim
ORCHIDACEAE,Hoffmannseggella ghillanyi,EN,não
ORCHIDACEAE,Hoffmannseggella gloedeniana,CR,não
ORCHIDACEAE,Hoffmannseggella kautskyana,CR,não
ORCHIDACEAE,Hoffmannseggella milleri,CR,não
ORCHIDACEAE,Hoffmannseggella mixta,EN,não
ORCHIDACEAE,Hoffmannseggella munchowiana,CR,não
ORCHIDACEAE,Houlletia brocklehurstiana,EN,não
ORCHIDACEAE,Isabelia virginalis,VU,não
ORCHIDACEAE,Lophiaris schwambachiae,VU,não
ORCHIDACEAE,Malaxis jaraguae,VU,não
ORCHIDACEAE,Masdevallia discoidea,CR,não
ORCHIDACEAE,Miltonia kayasimae,CR,não
ORCHIDACEAE,Myoxanthus ruschii,CR,não
ORCHIDACEAE,Myoxanthus seidelii,CR,não
ORCHIDACEAE,Neogardneria murrayana,EN,não
ORCHIDACEAE,Notylia microchila,EN,não
ORCHIDACEAE,Octomeria alexandri,EN,não
ORCHIDACEAE,Octomeria chamaeleptotes,VU,não
ORCHIDACEAE,Octomeria geraensis,VU,não
ORCHIDACEAE,Octomeria hatschbachii,VU,não
ORCHIDACEAE,Octomeria hoehnei,EN,não
ORCHIDACEAE,Octomeria lichenicola,EN,não
ORCHIDACEAE,Octomeria truncicola,VU,não
ORCHIDACEAE,Octomeria wawrae,EN,não
ORCHIDACEAE,Octomeria wilsoniana,CR,não
ORCHIDACEAE,Pabstia jugosa,EN,não
ORCHIDACEAE,Pabstia schunkiana,CR,sim
ORCHIDACEAE,Pabstiella bacillaris,EN,não
ORCHIDACEAE,Pabstiella carinifera,VU,não
ORCHIDACEAE,Pabstiella castellensis,CR,não
ORCHIDACEAE,Pabstiella conspersa,EN,não
ORCHIDACEAE,Pabstiella garayi,CR,não
ORCHIDACEAE,Pabstiella lingua,EN,não
ORCHIDACEAE,Pabstiella ruschii,CR,não
ORCHIDACEAE,Phragmipedium vittatum,VU,sim
ORCHIDACEAE,Phymatidium geiselii,EN,não
ORCHIDACEAE,Phymatidium glaziovii,VU,não
ORCHIDACEAE,Phymatidium vogelii,VU,não
ORCHIDACEAE,Polystachya rupicola,CR,não
ORCHIDACEAE,Pseudolaelia brejetubensis,CR,não
ORCHIDACEAE,Pseudolaelia canaanensis,VU,não
ORCHIDACEAE,Pseudolaelia cipoensis,CR,sim
ORCHIDACEAE,Pseudolaelia citrina,EN,sim
ORCHIDACEAE,Pseudolaelia dutrae,VU,não
ORCHIDACEAE,Pteroglossa hilariana,EN,não
ORCHIDACEAE,Rauhiella silvana,EN,não
ORCHIDACEAE,Sarcoglottis alexandri,EN,não
ORCHIDACEAE,Saundersia mirabilis,EN,não
ORCHIDACEAE,Saundersia paniculata,VU,não
ORCHIDACEAE,Scuticaria irwiniana,EN,não
ORCHIDACEAE,Scuticaria itirapinensis,CR,sim
ORCHIDACEAE,Scuticaria kautskyi,CR,não
ORCHIDACEAE,Scuticaria strictifolia,EN,não
ORCHIDACEAE,Specklinia gomesferreirae,CR,não
ORCHIDACEAE,Stigmatosema hatschbachii,CR,não
ORCHIDACEAE,Thelyschista ghillanyi,VU,sim
ORCHIDACEAE,Thysanoglossa jordanensis,EN,não
ORCHIDACEAE,Trichopilia santoslimae,CR,não
ORCHIDACEAE,Vanilla dietschiana,VU,não
ORCHIDACEAE,Vanilla dubia,EN,não
ORCHIDACEAE,Zygopetalum pabstii,EN,não
ORCHIDACEAE,Zygostates kuhlmannii,EN,não
ORCHIDACEAE,Zygostates linearisepala,CR,não
OROBANCHACEAE,Agalinis bandeirensis,CR,não
OROBANCHACEAE,Agalinis brachyphylla,VU,não
OROBANCHACEAE,Agalinis itambensis,EN,não
OROBANCHACEAE,Agalinis nana,EN,não
OROBANCHACEAE,Agalinis ramulifera,EN,não
OROBANCHACEAE,Agalinis schwackeana,CR,não
OROBANCHACEAE,Esterhazya caesarea,VU,não
OROBANCHACEAE,Magdalenaea limae,CR,sim
OROBANCHACEAE,Nothochilus coccineus,EN,sim
OXALIDACEAE,Oxalis arachnoidea,CR,não
OXALIDACEAE,Oxalis bela-vitoriae,CR,não
OXALIDACEAE,Oxalis blackii,CR,não
OXALIDACEAE,Oxalis clausenii,CR,não
OXALIDACEAE,Oxalis diamantinae,CR,não
OXALIDACEAE,Oxalis doceana,CR,não
OXALIDACEAE,Oxalis hyalotricha,EN,não
OXALIDACEAE,Oxalis impatiens,EN,não
OXALIDACEAE,Oxalis kuhlmannii,CR,não
OXALIDACEAE,Oxalis mandioccana,VU,não
OXALIDACEAE,Oxalis paranaensis,CR,não
OXALIDACEAE,Oxalis praetexta,EN,não
PALLAVICINIACEAE,Jensenia difformis,EN,não
PASSIFLORACEAE,Passiflora hatschbachii,EN,sim
PASSIFLORACEAE,Passiflora imbeana,EN,sim
PASSIFLORACEAE,Passiflora ischnoclada,CR,sim
PASSIFLORACEAE,Passiflora margaritae,EN,sim
PASSIFLORACEAE,Passiflora setulosa,EN,não
PASSIFLORACEAE,Passiflora urubiciensis,EN,não
PENTAPHYLACACEAE,Ternstroemia cuneifolia,VU,não
PHYLLANTHACEAE,Phyllanthus gladiatus,VU,não
PHYTOLACCACEAE,Microtea bahiensis,EN,sim
PHYTOLACCACEAE,Microtea papilosa,VU,não
PICRAMNIACEAE,Picramnia coccinea,EN,sim
PIPERACEAE,Peperomia cordigera,VU,não
PIPERACEAE,Peperomia gracilis,EN,não
PIPERACEAE,Peperomia guarujana,CR,não
PIPERACEAE,Peperomia hemmendorffii,EN,não
PIPERACEAE,Peperomia itatiaiana,EN,não
PIPERACEAE,Peperomia loefgrenii,EN,não
PIPERACEAE,Peperomia rostulatiformis,EN,não
PIPERACEAE,Peperomia rufispica,CR,não
PIPERACEAE,Peperomia suboppositifolia,EN,não
PIPERACEAE,Piper amparoense,EN,não
PIPERACEAE,Piper anostachyum,EN,não
PIPERACEAE,Piper barretoi,EN,não
PIPERACEAE,Piper bennettianum,VU,não
PIPERACEAE,Piper carautensei,EN,não
PIPERACEAE,Piper casteloense,EN,não
PIPERACEAE,Piper duartei,VU,não
PIPERACEAE,Piper edwallii,EN,não
PIPERACEAE,Piper hatschbachii,CR,não
PIPERACEAE,Piper hoehnei,EN,não
PIPERACEAE,Piper juliflorum,EN,não
PIPERACEAE,Piper kuhlmannii,VU,não
PIPERACEAE,Piper laevicarpum,EN,não
PIPERACEAE,Piper loefgrenii,VU,não
PIPERACEAE,Piper oblancifolium,EN,não
PIPERACEAE,Piper piritubanum,EN,não
PIPERACEAE,Piper rioense,EN,não
PIPERACEAE,Piper sampaioi,CR,não
PIPERACEAE,Piper scabrellum,EN,não
PLAGIOCHILACEAE,Plagiochila boryana,EN,sim
PLANTAGINACEAE,Achetaria caparaoense,CR,não
PLANTAGINACEAE,Achetaria latifolia,CR,não
PLANTAGINACEAE,Angelonia alternifolia,CR,sim
PLANTAGINACEAE,Bacopa cochlearia,EN,não
PLANTAGINACEAE,Ildefonsia bibracteata,CR,sim
PLANTAGINACEAE,Plantago turficola,EN,não
PLANTAGINACEAE,Stemodia harleyi,VU,não
PLANTAGINACEAE,Stemodia hyptoides,VU,não
POACEAE,Agrostis lenis,VU,não
POACEAE,Agrostis longiberbis,EN,não
POACEAE,Altoparadisium chapadense,CR,não
POACEAE,Andropogon glaucophyllus,EN,não
POACEAE,Anomochloa marantoidea,EN,sim
POACEAE,Anthaenantiopsis fiebrigii,CR,não
POACEAE,Apoclada simplex,EN,não
POACEAE,Aristida brasiliensis,EN,não
POACEAE,Aristida constricta,CR,não
POACEAE,Arthropogon xerachne,CR,não
POACEAE,Arundinella deppeana,VU,não
POACEAE,Axonopus carajasensis,EN,sim
POACEAE,Axonopus fastigiatus,VU,não
POACEAE,Axonopus hydrolithicus,CR,não
POACEAE,Axonopus monticola,EN,não
POACEAE,Axonopus ramboi,EN,não
POACEAE,Axonopus uninodis,CR,não
POACEAE,Bothriochloa laguroides,VU,não
POACEAE,Bromidium ramboi,CR,não
POACEAE,Cambajuva ulei,EN,não
POACEAE,Canastra lanceolata,CR,não
POACEAE,Chascolytrum brasiliense,EN,não
POACEAE,Chascolytrum bulbosum,CR,não
POACEAE,Chascolytrum itatiaiae,EN,não
POACEAE,Chascolytrum parodianum,CR,não
POACEAE,Chascolytrum scabrum,EN,não
POACEAE,Chusquea attenuata,EN,não
POACEAE,Chusquea baculifera,CR,não
POACEAE,Chusquea erecta,EN,não
POACEAE,Chusquea heterophylla,EN,não
POACEAE,Chusquea pulchella,EN,sim
POACEAE,Chusquea tenuiglumis,CR,não
POACEAE,Colanthelia macrostachya,EN,não
POACEAE,Danthonia cirrata,EN,não
POACEAE,Deschampsia caespitosa,EN,não
POACEAE,Diandrolyra tatianae,EN,não
POACEAE,Digitaria neesiana,EN,não
POACEAE,Glaziophyton mirabile,EN,sim
POACEAE,Gymnopogon doellii,CR,sim
POACEAE,Leersia ligularis,VU,não
POACEAE,Lithachne horizontalis,EN,não
POACEAE,Luziola brasiliensis,VU,não
POACEAE,Melica arzivencoi,EN,não
POACEAE,Merostachys abadiana,CR,não
POACEAE,Merostachys burmanii,EN,não
POACEAE,Merostachys caucaiana,CR,não
POACEAE,Merostachys scandens,CR,não
POACEAE,Ocellochloa brachystachya,CR,sim
POACEAE,Olyra latispicula,CR,sim
POACEAE,Parianella carvalhoi,CR,não
POACEAE,Paspalum biaristatum,EN,não
POACEAE,Paspalum longiaristatum,EN,não
POACEAE,Paspalum niquelandiae,EN,não
POACEAE,Paspalum rawitscheri,EN,sim
POACEAE,Paspalum repandum,EN,não
POACEAE,Piptochaetium alpinum,EN,não
POACEAE,Piptochaetium palustre,CR,sim
POACEAE,Poa bradei,EN,não
POACEAE,Poa reitzii,EN,não
POACEAE,Raddia angustifolia,CR,sim
POACEAE,Raddia distichophylla,EN,não
POACEAE,Reitzia smithii,VU,não
POACEAE,Schizachyrium scabriflorum,EN,não
POACEAE,Setaria parviflora,CR,não
POACEAE,Setaria stolonifera,CR,não
POACEAE,Sporobolus apiculatus,EN,não
POACEAE,Sucrea maculata,EN,não
POACEAE,Sucrea sampaiana,EN,sim
POACEAE,Triraphis devia,EN,não
POACEAE,Zizaniopsis bonariensis,EN,não
PODOCARPACEAE,Podocarpus barretoi,CR,não
PODOCARPACEAE,Podocarpus brasiliensis,VU,não
PODOSTEMACEAE,Mourera weddelliana,VU,não
PODOSTEMACEAE,Podostemum ovatum,EN,não
PODOSTEMACEAE,Podostemum rutifolium,VU,não
PODOSTEMACEAE,Podostemum saldanhanum,CR,sim
POLYGALACEAE,Polygala franchetii,EN,sim
POLYGALACEAE,Polygala selaginoides,EN,não
POLYGALACEAE,Polygala stephaniana,EN,não
POLYGALACEAE,Polygala tamariscea,VU,não
POLYPODIACEAE,Alansmia senilis,CR,não
POLYPODIACEAE,Ceradenia capillaris,VU,não
POLYPODIACEAE,Ceradenia glaziovii,EN,não
POLYPODIACEAE,Ceradenia warmingii,CR,sim
POLYPODIACEAE,Grammitis fluminensis,EN,não
POLYPODIACEAE,Lellingeria brasiliensis,VU,não
POLYPODIACEAE,Lellingeria itatimensis,CR,não
POLYPODIACEAE,Lellingeria tamandarei,EN,não
POLYPODIACEAE,Moranopteris perpusilla,EN,não
POLYPODIACEAE,Pecluma hoehnii,CR,não
POLYPODIACEAE,Pecluma imbeana,CR,não
POLYPODIACEAE,Pecluma insularis,CR,não
POLYPODIACEAE,Pleopeltis alborufula,EN,não
POLYPODIACEAE,Pleopeltis monoides,EN,não
POLYPODIACEAE,Pleopeltis trindadensis,CR,não
POLYPODIACEAE,Stenogrammitis limula,CR,não
POLYPODIACEAE,Stenogrammitis pumila,CR,não
POLYPODIACEAE,Terpsichore semihirsuta,EN,sim
POLYPODIACEAE,Terpsichore taxifolia,EN,não
PORTULACACEAE,Portulaca hatschbachii,EN,não
POTTIACEAE,Leptodontium wallisii,VU,sim
PRIMULACEAE,Lysimachia barbata,EN,não
PRIMULACEAE,Lysimachia buxifolia,EN,não
PRIMULACEAE,Myrsine congesta,EN,não
PRIMULACEAE,Myrsine glazioviana,EN,não
PRIMULACEAE,Myrsine villosissima,EN,não
PROTEACEAE,Euplassa cantareirae,EN,não
PROTEACEAE,Euplassa incana,VU,não
PROTEACEAE,Euplassa nebularis,EN,sim
PROTEACEAE,Euplassa semicostata,EN,não
PROTEACEAE,Panopsis multiflora,EN,não
PROTEACEAE,Roupala asplenioides,EN,não
PROTEACEAE,Roupala sculpta,VU,não
PTERIDACEAE,Adiantum diphyllum,CR,sim
PTERIDACEAE,Adiantum discolor,EN,não
PTERIDACEAE,Adiantum mynsseniae,EN,não
PTERIDACEAE,Adiantum papillosum,EN,não
PTERIDACEAE,Adiantum tetragonum,EN,não
PTERIDACEAE,Cheilanthes incisa,EN,sim
PTERIDACEAE,Cheilanthes juergensii,EN,não
PTERIDACEAE,Cheilanthes regnelliana,EN,não
PTERIDACEAE,Doryopteris itatiaiensis,EN,não
PTERIDACEAE,Doryopteris paradoxa,VU,não
PTERIDACEAE,Doryopteris quinquelobata,CR,não
PTERIDACEAE,Doryopteris rediviva,VU,não
PTERIDACEAE,Doryopteris rosenstockii,EN,não
PTERIDACEAE,Doryopteris rufa,EN,não
PTERIDACEAE,Doryopteris subsimplex,EN,não
PTERIDACEAE,Doryopteris tijucana,EN,não
PTERIDACEAE,Doryopteris trilobata,EN,não
PTERIDACEAE,Jamesonia biardii,EN,não
PTERIDACEAE,Jamesonia brasiliensis,EN,não
PTERIDACEAE,Jamesonia cheilanthoides,EN,não
PTERIDACEAE,Jamesonia insignis,EN,não
PTERIDACEAE,Jamesonia rufescens,CR,sim
PTERIDACEAE,Pellaea cymbiformis,EN,não
PTERIDACEAE,Pellaea gleichenioides,EN,sim
PTERIDACEAE,Pteris congesta,EN,não
PTERIDACEAE,Pteris limae,CR,não
QUILLAJACEAE,Quillaja brasiliensis,EN,não
RHAMNACEAE,Colletia exserta,EN,não
RHAMNACEAE,Colletia paradoxa,EN,não
RHAMNACEAE,Condalia buxifolia,EN,não
RHAMNACEAE,Discaria americana,VU,não
RHAMNACEAE,Gouania corylifolia,VU,não
RHAMNACEAE,Gouania inornata,EN,não
RHAMNACEAE,Rhamnidium glabrum,VU,não
RHAMNACEAE,Scutia arenicola,EN,não
RICCIACEAE,Riccia ridleyi,CR,sim
RUBIACEAE,Alseis involuta,VU,não
RUBIACEAE,Bradea anomala,CR,não
RUBIACEAE,Bradea bicornuta,CR,não
RUBIACEAE,Bradea montana,CR,não
RUBIACEAE,Carapichea ipecacuanha,VU,não
RUBIACEAE,Chomelia modesta,CR,não
RUBIACEAE,Coussarea bocainae,EN,não
RUBIACEAE,Erithalis insularis,CR,sim
RUBIACEAE,Faramea bahiensis,VU,sim
RUBIACEAE,Faramea paratiensis,EN,não
RUBIACEAE,Galianthe elegans,VU,não
RUBIACEAE,Galianthe souzae,EN,sim
RUBIACEAE,Galianthe vaginata,EN,não
RUBIACEAE,Galium diphyllum,CR,não
RUBIACEAE,Galium rubidiflorum,CR,não
RUBIACEAE,Galium shepherdii,CR,não
RUBIACEAE,Guettarda paludosa,CR,não
RUBIACEAE,Hindsia glabra,EN,sim
RUBIACEAE,Hindsia ibitipocensis,CR,sim
RUBIACEAE,Manettia campanulacea,CR,não
RUBIACEAE,Manettia pauciflora,EN,não
RUBIACEAE,Melanopsidium nigrum,VU,sim
RUBIACEAE,Mitracarpus anthospermoides,EN,não
RUBIACEAE,Mitracarpus eritrichoides,EN,não
RUBIACEAE,Mitracarpus rigidifolius,VU,sim
RUBIACEAE,Pagamea harleyi,VU,não
RUBIACEAE,Palicourea fulgens,VU,não
RUBIACEAE,Psychotria loefgrenii,EN,não
RUBIACEAE,Psychotria microcarpa,EN,não
RUBIACEAE,Psychotria paludosa,EN,não
RUBIACEAE,Richardia schumannii,EN,não
RUBIACEAE,Riodocea pulcherrima,EN,não
RUBIACEAE,Rudgea coronata,CR,não
RUBIACEAE,Rudgea corymbulosa,EN,não
RUBIACEAE,Rudgea crassifolia,VU,não
RUBIACEAE,Rudgea erythrocarpa,EN,não
RUBIACEAE,Rudgea insignis,VU,não
RUBIACEAE,Rudgea jasminoides,VU,não
RUBIACEAE,Rudgea macrophylla,EN,sim
RUBIACEAE,Rudgea pachyphylla,EN,sim
RUBIACEAE,Rudgea parquioides,CR,não
RUBIACEAE,Rudgea parquioides,EN,não
RUBIACEAE,Rudgea parvifolia,VU,sim
RUBIACEAE,Rudgea sessilis,EN,não
RUBIACEAE,Rudgea umbrosa,VU,não
RUBIACEAE,Rustia angustifolia,EN,não
RUBIACEAE,Simira grazielae,EN,não
RUBIACEAE,Simira hatschbachiorum,EN,não
RUBIACEAE,Staelia hatschbachii,EN,sim
RUBIACEAE,Standleya kuhlmanni,EN,não
RUTACEAE,Almeidea coerulea,EN,sim
RUTACEAE,Andreadoxa flava,CR,não
RUTACEAE,Conchocarpus bellus,CR,sim
RUTACEAE,Conchocarpus cauliflorus,CR,não
RUTACEAE,Conchocarpus marginatus,CR,não
RUTACEAE,Esenbeckia irwiniana,EN,não
RUTACEAE,Euxylophora paraensis,CR,sim
RUTACEAE,Galipea carinata,CR,não
RUTACEAE,Metrodorea maracasana,VU,sim
RUTACEAE,Nycticalanthus speciosus,CR,sim
RUTACEAE,Pilocarpus alatus,VU,sim
RUTACEAE,Pilocarpus jaborandi,EN,sim
RUTACEAE,Pilocarpus microphyllus,EN,sim
RUTACEAE,Pilocarpus trachylophus,EN,sim
RUTACEAE,Raulinoa echinata,VU,sim
SALICACEAE,Abatia angeliana,VU,não
SALICACEAE,Casearia paranaensis,VU,não
SANTALACEAE,Acanthosyris paulo-alvinii,VU,sim
SAPINDACEAE,Cupania concolor,VU,não
SAPINDACEAE,Cupania furfuracea,VU,não
SAPINDACEAE,Melicoccus espiritosantensis,EN,não
SAPINDACEAE,Serjania divaricocca,CR,não
SAPINDACEAE,Serjania hatschbachii,CR,não
SAPINDACEAE,Talisia subalbens,VU,sim
SAPINDACEAE,Urvillea glabra,VU,não
SAPOTACEAE,Chrysophyllum imperiale,EN,não
SAPOTACEAE,Chrysophyllum januariense,VU,não
SAPOTACEAE,Manilkara dardanoi,VU,não
SAPOTACEAE,Manilkara decrescens,VU,não
SAPOTACEAE,Manilkara maxima,EN,não
SAPOTACEAE,Manilkara multifida,VU,não
SAPOTACEAE,Micropholis emarginata,EN,não
SAPOTACEAE,Micropholis splendens,EN,não
SAPOTACEAE,Pouteria bapeba,CR,não
SAPOTACEAE,Pouteria bullata,EN,não
SAPOTACEAE,Pouteria butyrocarpa,CR,não
SAPOTACEAE,Pouteria coelomatica,VU,não
SAPOTACEAE,Pouteria decussata,EN,não
SAPOTACEAE,Pouteria furcata,EN,não
SAPOTACEAE,Pouteria macahensis,EN,não
SAPOTACEAE,Pouteria multiflora,VU,não
SAPOTACEAE,Pouteria oxypetala,EN,não
SAPOTACEAE,Pouteria pachycalyx,VU,não
SAPOTACEAE,Pouteria petiolata,VU,não
SAPOTACEAE,Pouteria vernicosa,VU,não
SAPOTACEAE,Pouteria virescens,EN,não
SAPOTACEAE,Pradosia granulosa,VU,não
SAPOTACEAE,Pradosia kuhlmannii,EN,não
SAPOTACEAE,Pradosia subverticillata,VU,não
SAPOTACEAE,Pradosia verticillata,EN,não
SAPOTACEAE,Sarcaulus vestitus,VU,não
SCROPHULARIACEAE,Buddleja speciosissima,EN,não
SCROPHULARIACEAE,Selaginella mendoncae,VU,não
SIMAROUBACEAE,Castela tweedii,EN,não
SIMAROUBACEAE,Simaba glabra,VU,não
SIMAROUBACEAE,Simaba insignis,EN,não
SIMAROUBACEAE,Simaba salubris,CR,não
SIMAROUBACEAE,Simaba suaveolens,CR,não
SIMAROUBACEAE,Simaba warmingiana,EN,não
SMILACACEAE,Smilax lappacea,EN,não
SMILACACEAE,Smilax lutescens,EN,não
SMILACACEAE,Smilax muscosa,VU,não
SMILACACEAE,Smilax spicata,EN,não
SMILACACEAE,Smilax subsessiliflora,EN,não
SOLANACEAE,Calibrachoa eglandulata,EN,não
SOLANACEAE,Calibrachoa elegans,EN,não
SOLANACEAE,Calibrachoa humilis,EN,não
SOLANACEAE,Calibrachoa spathulata,VU,não
SOLANACEAE,Lycianthes repens,EN,não
SOLANACEAE,Nicotiana mutabilis,VU,sim
SOLANACEAE,Nierembergia pinifolia,CR,sim
SOLANACEAE,Petunia bonjardinensis,EN,não
SOLANACEAE,Petunia exserta,EN,não
SOLANACEAE,Petunia mantiqueirensis,EN,não
SOLANACEAE,Petunia reitzii,CR,sim
SOLANACEAE,Petunia saxicola,CR,sim
SOLANACEAE,Schwenckia curviflora,EN,não
SOLANACEAE,Schwenckia nova-veneciana,CR,sim
SOLANACEAE,Solanum arenarium,EN,sim
SOLANACEAE,Solanum bahianum,EN,sim
SOLANACEAE,Solanum graveolens,EN,não
SOLANACEAE,Solanum jabrense,EN,não
SOLANACEAE,Solanum paralum,EN,não
SOLANACEAE,Solanum restingae,EN,não
SOLANACEAE,Solanum santosii,VU,não
SOLANACEAE,Solanum spissifolium,CR,sim
SOLANACEAE,Solanum viscosissimum,EN,não
SOLANACEAE,Solanum warmingii,EN,não
SYMPLOCACEAE,Symplocos corymboclados,EN,não
SYMPLOCACEAE,Symplocos itatiaiae,EN,não
SYMPLOCACEAE,Symplocos neglecta,CR,sim
SYMPLOCACEAE,Symplocos organensis,EN,não
SYMPLOCACEAE,Symplocos rhamnifolia,EN,não
THELYPTERIDACEAE,Thelypteris cutiataensis,EN,não
THELYPTERIDACEAE,Thelypteris littoralis,EN,não
THELYPTERIDACEAE,Thelypteris montana,VU,não
THELYPTERIDACEAE,Thelypteris multigemmifera,CR,não
THELYPTERIDACEAE,Thelypteris novaeana,CR,sim
TRIGONIACEAE,Trigoniodendron spiritusanctense,VU,sim
TROPAEOLACEAE,Tropaeolum warmingianum,EN,não
URTICACEAE,Pilea aparadensis,CR,não
URTICACEAE,Pilea flammula,VU,não
VELLOZIACEAE,Barbacenia delicatula,EN,não
VELLOZIACEAE,Barbacenia exscapa,CR,não
VELLOZIACEAE,Barbacenia glutinosa,CR,não
VELLOZIACEAE,Barbacenia gounelleana,EN,não
VELLOZIACEAE,Barbacenia longiscapa,CR,não
VELLOZIACEAE,Barbacenia paranaensis,EN,não
VELLOZIACEAE,Barbacenia pungens,CR,não
VELLOZIACEAE,Barbacenia riparia,CR,não
VELLOZIACEAE,Barbacenia rodriguesii,EN,não
VELLOZIACEAE,Barbacenia spectabilis,EN,não
VELLOZIACEAE,Barbacenia spiralis,EN,não
VELLOZIACEAE,Vellozia alata,EN,não
VELLOZIACEAE,Vellozia armata,EN,não
VELLOZIACEAE,Vellozia barbata,EN,não
VELLOZIACEAE,Vellozia canelinha,CR,não
VELLOZIACEAE,Vellozia gigantea,EN,não
VELLOZIACEAE,Vellozia glabra,EN,não
VELLOZIACEAE,Vellozia hatschbachii,EN,não
VELLOZIACEAE,Vellozia leptopetala,EN,não
VELLOZIACEAE,Vellozia lilacina,EN,não
VELLOZIACEAE,Vellozia metzgerae,EN,não
VELLOZIACEAE,Vellozia nuda,EN,não
VELLOZIACEAE,Vellozia patens,EN,não
VELLOZIACEAE,Vellozia piresiana,EN,não
VELLOZIACEAE,Vellozia pulchra,EN,não
VELLOZIACEAE,Vellozia sessilis,EN,não
VELLOZIACEAE,Vellozia streptophylla,EN,não
VELLOZIACEAE,Vellozia subalata,EN,não
VERBENACEAE,Aloysia hatschbachii,EN,não
VERBENACEAE,Citharexylum obtusifolium,EN,não
VERBENACEAE,Lippia alnifolia,VU,não
VERBENACEAE,Lippia bradei,VU,não
VERBENACEAE,Lippia bromleyana,EN,sim
VERBENACEAE,Lippia elliptica,VU,não
VERBENACEAE,Lippia insignis,VU,não
VERBENACEAE,Lippia morii,EN,não
VERBENACEAE,Lippia pumila,EN,não
VERBENACEAE,Lippia rhodocnemis,EN,não
VERBENACEAE,Recordia reitzii,EN,não
VERBENACEAE,Stachytarpheta almasensis,EN,não
VERBENACEAE,Stachytarpheta procumbens,EN,sim
VERBENACEAE,Stachytarpheta radlkoferiana,VU,não
VIOLACEAE,Hybanthus albus,CR,sim
VIOLACEAE,Pombalia strigoides,EN,não
VIOLACEAE,Rinorea bicornuta,CR,não
VIOLACEAE,Rinorea longistipulata,EN,não
VIOLACEAE,Rinorea ramiziana,EN,não
VIOLACEAE,Rinorea villosiflora,CR,não
VIOLACEAE,Viola gracillima,EN,não
VITACEAE,Cissus apendiculata,EN,não
VITACEAE,Cissus inundata,VU,sim
VOCHYSIACEAE,Callisthene inundata,EN,não
VOCHYSIACEAE,Erisma arietinum,EN,não
VOCHYSIACEAE,Qualea coerulea,VU,não
VOCHYSIACEAE,Qualea magna,EN,não
VOCHYSIACEAE,Vochysia angelica,EN,não
VOCHYSIACEAE,Vochysia pygmaea,EN,não
VOCHYSIACEAE,Vochysia santaluciae,EN,não
XYRIDACEAE,Xyris aurea,EN,não
XYRIDACEAE,Xyris blepharophylla,EN,não
XYRIDACEAE,Xyris cipoensis,EN,sim
XYRIDACEAE,Xyris coutensis,CR,sim
XYRIDACEAE,Xyris dardanoi,CR,não
XYRIDACEAE,Xyris fibrosa,CR,não
XYRIDACEAE,Xyris fusca,EN,não
XYRIDACEAE,Xyris hatschbachii,CR,não
XYRIDACEAE,Xyris hystrix,CR,sim
XYRIDACEAE,Xyris longifolia,EN,não
XYRIDACEAE,Xyris lucida,EN,não
XYRIDACEAE,Xyris morii,EN,sim
XYRIDACEAE,Xyris neglecta,EN,não
XYRIDACEAE,Xyris nigricans,CR,sim
XYRIDACEAE,Xyris obtusiuscula,EN,não
XYRIDACEAE,Xyris phaeocephala,EN,sim
XYRIDACEAE,Xyris platystachya,CR,sim
XYRIDACEAE,Xyris reitzii,EN,não
XYRIDACEAE,Xyris retrorsifimbriata,CR,sim
XYRIDACEAE,Xyris rigida,CR,não
XYRIDACEAE,Xyris sincorana,EN,não
XYRIDACEAE,Xyris sororia,CR,não
XYRIDACEAE,Xyris stenophylla,VU,não
XYRIDACEAE,Xyris tortilis,CR,não
XYRIDACEAE,Xyris uninervis,CR,não
XYRIDACEAE,Xyris vacillans,EN,não
XYRIDACEAE,Xyris wawrae,EN,não
ZINGIBERACEAE,Renealmia brasiliensis,EN,não
